index,asm,correlation,variance,idm,entropy,sum_entropy,difference_entropy,sum_avg,contrast,energy,type
0,0.026681901769999995,-30215.71523,268.590551,0.23943649239999998,-7.906790922000001,6.340493846,4.635458465,79.99023498,7173361,0.026681901769999995,benign_mlo
1,0.002021966743,-14077.81525,701.5095084,0.126762809,-11.10820821,7.217266842999999,5.665354074,79.96403993,7173361,0.002021966743,benign_mlo
2,0.0014515312729999998,-14754.69947,666.9993352000001,0.1117530784,-11.16559213,7.23924928,5.693598552,80.01100502,7173361,0.0014515312729999998,benign_mlo
3,0.001645452064,-14370.75666,699.5070506,0.11771559999999999,-11.09502231,7.227056327000001,5.719938227999999,80.02771479,7173361,0.001645452064,benign_mlo
4,0.002456643017,-13665.39419,724.3265213,0.1306368769,-11.0061934,7.196096773,5.671205486,79.99643499,7173361,0.002456643017,benign_mlo
5,0.002141919318,-13872.68116,729.3358541,0.1280571197,-10.93939484,7.20661405,5.687095181,80.03177506,7173361,0.002141919318,benign_mlo
6,0.002072997909,-14176.91805,696.7183305,0.1260691495,-11.20286027,7.212630001,5.653797526,80.04650009,7173361,0.002072997909,benign_mlo
7,0.002255820091,-13813.344869999999,717.4629309,0.1279720171,-11.0581771,7.206662883,5.665837869,79.97194494,7173361,0.002255820091,benign_mlo
8,0.002129334087,-13948.150290000001,715.6671448,0.1275913,-10.93430138,7.210769,5.684793464,79.97287495,7173361,0.002129334087,benign_mlo
9,0.001915695405,-14095.52321,703.5854274000001,0.12351536199999999,-10.82436315,7.2154821270000005,5.683409856,79.93260267,7173361,0.001915695405,benign_mlo
10,0.001838003662,-14730.287869999998,680.9833502,0.12162114269999999,-11.39721194,7.214620557000001,5.642899014,80.03023432,7173361,0.001838003662,benign_mlo
11,0.0026181590760000002,-13599.33887,737.7380253,0.1332849194,-10.96509234,7.19397242,5.67067896,80.09259259,7173361,0.0026181590760000002,benign_mlo
12,0.002088565187,-13869.27734,724.8344081,0.1254942318,-10.78100353,7.200167451,5.700757042,80.03401361,7173361,0.002088565187,benign_mlo
13,0.002023263972,-13948.27963,724.2739944,0.1246906616,-10.76779332,7.198545589,5.700576774,79.97354497,7173361,0.002023263972,benign_mlo
14,0.002192343296,-13668.072540000001,736.4716346,0.128053335,-10.559817,7.187494683,5.680617659,79.73922902,7173361,0.002192343296,benign_mlo
15,0.001692804273,-14403.06359,698.4262871000001,0.1151286226,-10.71596957,7.2037216079999995,5.729549153,79.76379441,7173361,0.001692804273,benign_mlo
16,0.001873077673,-14653.5772,696.4209584,0.1160741687,-10.60991692,7.166328232000001,5.714195547,79.8872512,7173361,0.001873077673,benign_mlo
17,0.002079602338,-13873.13756,727.4573682999999,0.1250937918,-10.82519419,7.203179587,5.7061768310000005,80.03905266,7173361,0.002079602338,benign_mlo
18,0.00201993796,-13850.170090000001,728.6721396,0.1240021805,-10.73272203,7.203486565,5.700627117000001,79.92189468,7173361,0.00201993796,benign_mlo
19,0.001656607953,-14541.39365,669.5578214999999,0.1177068039,-11.1837625,7.232330113,5.662261119,80.01385739,7173361,0.001656607953,benign_mlo
20,0.0009839038158,-16474.59794,572.0452112,0.09374151132000001,-11.06340095,7.241884099,5.622944662999999,79.9930713,7173361,0.0009839038158,benign_mlo
21,0.001543868235,-14630.9983,695.4398324,0.11018041949999999,-10.78786473,7.204232952999999,5.746261152000001,79.81040564,7173361,0.001543868235,benign_mlo
22,0.0019320373399999999,-14039.042,707.5316673,0.1226778385,-10.81269324,7.211059405,5.694856075,79.9486949,7173361,0.0019320373399999999,benign_mlo
23,0.0018775411189999999,-14401.487430000001,699.62946,0.1179430908,-10.61120457,7.184964429,5.71004749,79.91622575,7173361,0.0018775411189999999,benign_mlo
24,0.00255388611,-13519.014480000002,728.8406665,0.1325221675,-10.56487805,7.179412809,5.6583517070000005,79.98744497,7173361,0.00255388611,benign_mlo
25,0.002035236671,-13886.52584,729.3404362000001,0.1245328252,-10.73791724,7.204580289,5.701239242000001,80.05102041,7173361,0.002035236671,benign_mlo
26,0.002369595191,-13706.22582,736.2138869,0.129955737,-10.90269583,7.194197217,5.696166793,79.97228521,7173361,0.002369595191,benign_mlo
27,0.0017495775769999999,-14311.438890000001,706.8979383,0.12036444310000001,-11.15041364,7.223821051,5.712869123,80.03842278,7173361,0.0017495775769999999,benign_mlo
28,0.002046212782,-13954.22903,725.0718735,0.12499958369999999,-10.97692675,7.214606395,5.7024310510000005,80.03842278,7173361,0.002046212782,benign_mlo
29,0.0018467701190000001,-14339.70287,707.0916671,0.1193383184,-10.66428382,7.197253272,5.719502191,79.94079113,7173361,0.0018467701190000001,benign_mlo
30,0.0016986112169999998,-14505.010180000001,695.7647746,0.1213416892,-11.26527005,7.221407006000001,5.683248644,79.91433609999999,7173361,0.0016986112169999998,benign_mlo
31,0.0015540496049999998,-14557.56007,694.3207161,0.11666844039999999,-11.04904245,7.223297937000001,5.723151268,79.87780297,7173361,0.0015540496049999998,benign_mlo
32,0.002022159517,-13984.857469999999,721.3818316,0.1241791068,-10.98369563,7.212303326000001,5.705341097000001,79.95590829,7173361,0.002022159517,benign_mlo
33,0.0015070698449999999,-14558.990469999999,657.3164948,0.1074277452,-11.01590009,7.233775555,5.659933147,80.08377425,7173361,0.0015070698449999999,benign_mlo
34,0.001804488633,-14100.25265,686.1811292,0.1177883541,-10.73507678,7.216663334,5.675961192000001,79.87528345,7173361,0.001804488633,benign_mlo
35,0.001968166691,-14063.39544,705.1373078,0.1240738334,-10.89223795,7.216143497999999,5.690216096,80.02078609,7173361,0.001968166691,benign_mlo
36,0.003056502758,-13559.94368,734.6230122999999,0.1379421818,-11.16398573,7.165971954,5.615719672999999,80.00377929,7173361,0.003056502758,benign_mlo
37,0.002139571719,-13980.91405,728.5906077999999,0.12522175300000002,-10.54268182,7.17796626,5.690601551,79.97417486,7173361,0.002139571719,benign_mlo
38,0.002122000865,-13709.19242,736.1862716,0.12620474210000002,-10.88716829,7.20767256,5.701651238999999,79.88095238,7173361,0.002122000865,benign_mlo
39,0.0014531387779999998,-19678.82634,449.579708,0.09049714232999999,-10.30630945,7.135306664,5.4106062,79.99209498,7173361,0.0014531387779999998,benign_mlo
40,0.002397678205,-13597.16854,744.7214252,0.1320573937,-10.52256189,7.185926677,5.673332702000001,79.89417989,7173361,0.002397678205,benign_mlo
41,0.002592888281,-13420.67261,744.0019234,0.1334109558,-10.84531498,7.192456577000001,5.668200927999999,79.90551776,7173361,0.002592888281,benign_mlo
42,0.0015743798600000001,-14807.825480000001,679.8891265999999,0.1138790048,-10.86399725,7.210884781,5.722910112,80.02267574,7173361,0.0015743798600000001,benign_mlo
43,0.001797747589,-14315.92025,704.3250857999999,0.1214549866,-11.24920374,7.218425376,5.689817736,79.94897959,7173361,0.001797747589,benign_mlo
44,0.002472131469,-13719.68568,732.2703188999999,0.13458794970000001,-10.7079332,7.18303687,5.6691309610000005,80.04283195,7173361,0.002472131469,benign_mlo
45,0.0014931096720000002,-14590.20169,656.3292647000001,0.10930530720000001,-10.92539346,7.234127677,5.680978442000001,79.79906778,7173361,0.0014931096720000002,benign_mlo
46,0.002081782484,-13798.204090000001,735.5192227000001,0.125520413,-10.83036518,7.205851267000001,5.700848335,80.03338372,7173361,0.002081782484,benign_mlo
47,0.0022165604689999997,-13887.233999999999,713.4423931,0.1296951693,-11.03652559,7.208467197,5.6680525710000005,79.87402368,7173361,0.0022165604689999997,benign_mlo
48,0.002515903259,-13667.81335,709.2583588,0.1292187601,-10.47048562,7.178885867999999,5.65908967,80.06184512,7173361,0.002515903259,benign_mlo
49,0.0028403920980000002,-14276.33829,707.6140655,0.1265395562,-9.962133616000001,7.0740467339999995,5.621035415,79.952129,7173361,0.0028403920980000002,benign_mlo
50,0.00220613485,-13759.65194,719.9007944,0.1280503416,-10.92701315,7.206778421,5.678466931,79.89669942,7173361,0.00220613485,benign_mlo
51,0.001989694327,-14380.803130000002,686.1284622000001,0.1242513612,-11.29189406,7.212786916000001,5.637523094,79.99271499,7173361,0.001989694327,benign_mlo
52,0.001241955252,-15416.803919999998,633.0124406,0.10756123890000001,-11.30347238,7.240772356,5.66463085,79.87780297,7173361,0.001241955252,benign_mlo
53,0.001869338545,-14549.43591,672.3316834,0.12306953150000001,-11.25124688,7.221575457999999,5.645376473,79.92378433,7173361,0.001869338545,benign_mlo
54,0.001883651826,-14088.07033,711.2131469999999,0.12145683199999999,-10.93766665,7.2170800139999995,5.704924151,79.91874528,7173361,0.001883651826,benign_mlo
55,0.002390716468,-13579.76751,722.5772739,0.1308958517,-10.73890914,7.200212683999999,5.662858827999999,79.80158730000001,7173361,0.002390716468,benign_mlo
56,0.0029254165399999997,-13501.976490000001,732.7254975999999,0.1368752901,-11.08854835,7.175777137000001,5.63584923,79.87402368,7173361,0.0029254165399999997,benign_mlo
57,0.00249221326,-13707.5014,731.9949507,0.1319125854,-11.18401937,7.189854285,5.662289972999999,79.93071303,7173361,0.00249221326,benign_mlo
58,0.0032283553710000003,-13495.329759999999,748.3363142000001,0.1408762827,-11.16425759,7.15917601,5.618026686,80.10015117,7173361,0.0032283553710000003,benign_mlo
59,0.002306134651,-13797.025109999999,734.2814867999999,0.1293663814,-10.6809648,7.181108383,5.687231907,79.83056185,7173361,0.002306134651,benign_mlo
60,0.0021603599729999997,-14011.666969999998,722.1006706000001,0.1242119292,-10.47374423,7.170610482000001,5.692378063,79.89292013,7173361,0.0021603599729999997,benign_mlo
61,0.001843432701,-14145.08848,712.8295437999999,0.12122042960000001,-10.99592273,7.216471045,5.711260836,80.04346183,7173361,0.001843432701,benign_mlo
62,0.001588189764,-15033.86621,651.8164114,0.1181194624,-11.34345348,7.229227015,5.62443464,80.13731418,7173361,0.001588189764,benign_mlo
63,0.0019555940969999998,-14083.90033,698.7304613,0.1225279184,-10.99217241,7.216774735,5.684228817,79.99643499,7173361,0.0019555940969999998,benign_mlo
64,0.001347813282,-14957.6416,656.4087235000001,0.1088835579,-11.14326125,7.239056903,5.703941257,79.95473991,7173361,0.001347813282,benign_mlo
65,0.0019157291199999999,-14203.71515,698.5443783,0.122196471,-11.09259266,7.221185244,5.686528756,79.98620497,7173361,0.0019157291199999999,benign_mlo
66,0.0009533632328,-17120.47205,546.3292253999999,0.08646679148,-10.89606424,7.220641602000001,5.618693726,79.96388493,7173361,0.0009533632328,benign_mlo
67,0.001584960636,-14403.00324,682.6617402,0.1143690124,-10.97199223,7.23431692,5.701343165,79.97581995,7173361,0.001584960636,benign_mlo
68,0.00263748038,-13398.24905,752.8261783,0.1358851701,-10.7236812,7.185328076,5.669500064,79.9021948,7173361,0.00263748038,benign_mlo
69,0.001741851103,-14473.1205,703.7249134,0.1178986366,-10.91813184,7.212385216,5.733394767,79.88788108,7173361,0.001741851103,benign_mlo
70,0.0010184401459999999,-16424.6002,576.7842007999999,0.08915006336,-10.88615438,7.232741834,5.6672742220000005,80.00480501,7173361,0.0010184401459999999,benign_mlo
71,0.0018318612150000002,-15752.71189,643.4920314,0.1165550643,-10.4555773,7.113220697,5.683969268999999,79.84819854,7173361,0.0018318612150000002,benign_mlo
72,0.002688234672,-13537.08243,747.9187293,0.1342660149,-11.11376028,7.187609206,5.672803232000001,79.99565999,7173361,0.002688234672,benign_mlo
73,0.0035867175130000002,-13254.96838,751.4478627000001,0.1446031804,-11.10156378,7.14043466,5.595839839,80.02139004,7173361,0.0035867175130000002,benign_mlo
74,0.003528290882,-13129.30365,757.5090838,0.14466365009999999,-11.01716317,7.150151662000001,5.62177342,79.93892988,7173361,0.003528290882,benign_mlo
75,0.0199525342,-27853.26868,304.28405360000005,0.2081928555,-8.395931838,6.44848691,4.849958302,80.0,7173361,0.0199525342,benign_mlo
76,0.0021130767,-13998.030519999998,711.0995447,0.1275234177,-10.89566854,7.210722848,5.68324099,79.98110355,7173361,0.0021130767,benign_mlo
77,0.001701192825,-14272.8507,693.1188216,0.1165386476,-10.96362476,7.227416079,5.706186545,79.93008314,7173361,0.001701192825,benign_mlo
78,0.0017902760269999998,-14449.88071,696.8078371,0.114470962,-10.58274856,7.1856746970000005,5.720777292,79.83686067,7173361,0.0017902760269999998,benign_mlo
79,0.002698375146,-13483.98497,736.9313582999999,0.13435183009999999,-10.86323928,7.186897175,5.6601061470000005,79.92756362,7173361,0.002698375146,benign_mlo
80,0.0014396311350000001,-14772.452930000001,657.6801461,0.1095632606,-10.99771602,7.238141105,5.6938973829999995,80.06802721,7173361,0.0014396311350000001,benign_mlo
81,0.0024070053200000003,-13785.69701,715.2073293999999,0.1293884974,-10.98244487,7.195623013,5.658594137000001,80.09700176,7173361,0.0024070053200000003,benign_mlo
82,0.001992139615,-14068.795680000001,702.3338825000001,0.12321097859999999,-11.10950242,7.217946587,5.673953121,79.9382716,7173361,0.001992139615,benign_mlo
83,0.002358569238,-13649.335280000001,727.3953381,0.13064797460000002,-10.82057028,7.196254272999999,5.677821956,79.90047871,7173361,0.002358569238,benign_mlo
84,0.002115545234,-13858.17485,721.8908501,0.1264432409,-10.99065778,7.212178783,5.683357282,79.8733938,7173361,0.002115545234,benign_mlo
85,0.00226199166,-14198.957409999999,712.9685156,0.12101690119999998,-10.20710131,7.1400538010000005,5.673093853999999,79.86016629,7173361,0.00226199166,benign_mlo
86,0.001677489149,-14359.06888,690.9857742,0.1186012378,-10.96859355,7.226833398999999,5.699080767000001,79.999845,7173361,0.001677489149,benign_mlo
87,0.001922882727,-14342.38275,706.9701928999999,0.1183763434,-10.55827327,7.179901942000001,5.710021628,79.87568975,7173361,0.001922882727,benign_mlo
88,0.001952962613,-14349.99113,690.6854811000001,0.1257638029,-10.98471827,7.199583645,5.672464505,79.95845992,7173361,0.001952962613,benign_mlo
89,0.0009190239227000001,-16423.861230000002,585.7201448,0.09374933280999999,-11.19249565,7.24245973,5.657628326,80.12617025,7173361,0.0009190239227000001,benign_mlo
90,0.0018025230619999999,-14284.255430000001,693.2991432,0.1203018908,-11.09923228,7.224676725,5.687020174,80.01581003,7173361,0.0018025230619999999,benign_mlo
91,0.002042018584,-14087.97124,702.6326433999999,0.1240845177,-11.15913231,7.214169812000001,5.666125685,80.02976006,7173361,0.002042018584,benign_mlo
92,0.002486615781,-13608.03008,729.0823982000001,0.1321344758,-10.99029898,7.196932376,5.665585473999999,79.89227478,7173361,0.002486615781,benign_mlo
93,0.0015406173360000002,-14768.573040000001,665.6751807999999,0.1152701732,-11.27788709,7.2334517510000005,5.66673281,79.97814496,7173361,0.0015406173360000002,benign_mlo
94,0.0019935748459999998,-13963.5813,711.7242807,0.1238196711,-10.94686893,7.218242632999999,5.6893094920000005,79.98046996,7173361,0.0019935748459999998,benign_mlo
95,0.0021502214600000002,-13875.23255,707.3781272000001,0.1267543787,-11.02296023,7.21255697,5.661075166,79.96806994,7173361,0.0021502214600000002,benign_mlo
96,0.0029725071019999997,-22681.512290000002,395.0695951,0.1056226915,-9.57640731,6.90849135,5.237888923,80.0,7173361,0.0029725071019999997,benign_mlo
97,0.001610205952,-14460.282519999999,699.9424637999999,0.1170229031,-10.98566422,7.218427318,5.7209157610000005,79.96744993,7173361,0.001610205952,benign_mlo
98,0.0009892484977999999,-18871.87602,492.587263,0.08668417583999999,-10.74264171,7.168323606,5.531804778,79.91397483,7173361,0.0009892484977999999,benign_mlo
99,0.0009171096631000001,-16903.57155,559.3905545,0.09446959848,-11.08284013,7.2383539379999995,5.620746539,79.96434993,7173361,0.0009171096631000001,benign_mlo
100,0.001133377857,-15250.23954,630.3717954,0.10064840259999999,-11.14671863,7.250263335,5.682929164,79.91691983,7173361,0.001133377857,benign_mlo
101,0.002148786261,-13953.284880000001,711.8651068,0.1266283221,-11.05023311,7.211051881,5.675278208,79.97829996,7173361,0.002148786261,benign_mlo
102,0.0021264432670000002,-13887.06214,706.0056557999999,0.12589393710000002,-10.87636059,7.203845574,5.67926962,79.92854486,7173361,0.0021264432670000002,benign_mlo
103,0.0018020342259999998,-14237.640919999998,701.8889187000001,0.1213512192,-11.11794272,7.2235361760000005,5.699560057,79.97256495,7173361,0.0018020342259999998,benign_mlo
104,0.001283880864,-20090.09729,459.5142988,0.08876328713,-10.40377281,7.107796321,5.455284957000001,79.96248992,7173361,0.001283880864,benign_mlo
105,0.0033271249680000003,-23003.24499,376.8943584,0.11894533449999999,-9.6034106,6.969044695,5.199479265,80.02046004,7173361,0.0033271249680000003,benign_mlo
106,0.002024717812,-13957.700869999999,723.5805518,0.1256369645,-11.07266313,7.214279532000001,5.691993709,79.98403497,7173361,0.002024717812,benign_mlo
107,0.0015386075159999999,-14587.199719999999,676.506153,0.1125094879,-10.86725412,7.231166204,5.710435022,79.98341497,7173361,0.0015386075159999999,benign_mlo
108,0.001590079723,-20871.21331,434.1801057,0.09757018646,-10.25717053,7.091375297000001,5.3809178829999995,80.01069502,7173361,0.001590079723,benign_mlo
109,0.0009258678767000001,-16916.60786,559.4472987,0.08938605372000001,-10.99520437,7.226751972000001,5.636378903,79.96279993,7173361,0.0009258678767000001,benign_mlo
110,0.000914591848,-17324.611230000002,550.9506542,0.08526885812000001,-10.87016346,7.205428522999999,5.650378204,79.97333995,7173361,0.000914591848,benign_mlo
111,0.001008811248,-18826.93113,493.51350049999996,0.0860118415,-10.68535607,7.170487095,5.535508354,79.98139996,7173361,0.001008811248,benign_mlo
112,0.001088621761,-15646.456530000001,620.8521532999999,0.10134962970000001,-11.16508107,7.246139246,5.680763656,79.98480997,7173361,0.001088621761,benign_mlo
113,0.001075981647,-19053.33828,490.59944060000004,0.08148783386,-10.56635219,7.140903459,5.541125465,80.01224502,7173361,0.001075981647,benign_mlo
114,0.001180254363,-15347.96271,637.6302837999999,0.1032131292,-11.01407994,7.242646354,5.708773709,80.0492901,7173361,0.001180254363,benign_mlo
115,0.002496553056,-13601.611630000001,726.2338073,0.1318881442,-10.91124657,7.194687373,5.664850526,80.01844504,7173361,0.002496553056,benign_mlo
116,0.00134232574,-15305.91933,650.551713,0.1023695532,-10.76332387,7.210070237,5.732903457999999,80.00573501,7173361,0.00134232574,benign_mlo
117,0.001053382095,-16329.31071,570.3251594999999,0.09493924178999999,-11.07079427,7.239865176,5.607558113,79.98589497,7173361,0.001053382095,benign_mlo
118,0.0009869607680999999,-18279.775019999997,511.56439040000004,0.08350252946,-10.74387266,7.177128562,5.580000404,79.98666997,7173361,0.0009869607680999999,benign_mlo
119,0.001971893983,-14148.04184,706.6704741000001,0.1249263473,-11.02878468,7.212515807999999,5.694984081,79.95721991,7173361,0.001971893983,benign_mlo
120,0.0008519669513999999,-17321.94814,550.1788068,0.0895701241,-11.01199128,7.223728006,5.633419879,79.95799492,7173361,0.0008519669513999999,benign_mlo
121,0.001454532909,-20685.68978,439.21833260000005,0.08884212726,-10.23341113,7.087992285,5.407120599,79.997675,7173361,0.001454532909,benign_mlo
122,0.0008859770877000001,-16834.0395,565.7951019,0.09322722900000001,-11.10915205,7.239868816,5.630624811000001,79.94187488,7173361,0.0008859770877000001,benign_mlo
123,0.001221419308,-15967.9221,576.299441,0.09076828767,-10.88959405,7.231430907999999,5.623005432,80.01085002,7173361,0.001221419308,benign_mlo
124,0.000889957971,-17162.34035,557.8770030000001,0.08631746857999999,-10.93505484,7.214196014,5.659598803,79.97318495,7173361,0.000889957971,benign_mlo
125,0.003160047783,-13162.10181,763.0833865000001,0.1421871353,-10.7591287,7.168048807000001,5.64564099,79.98387997,7173361,0.003160047783,benign_mlo
126,0.001019568995,-16051.491119999999,593.0604024,0.09198704173000001,-10.95385113,7.239391242999999,5.6765049560000005,80.0,7173361,0.001019568995,benign_mlo
127,0.002760499864,-13357.40132,748.1909908,0.13675151900000002,-10.68674771,7.179411986,5.662340972999999,80.03053506,7173361,0.002760499864,benign_mlo
128,0.0020665315849999998,-13914.56501,712.4661332000001,0.12556529019999998,-11.03907501,7.2110558010000005,5.681457448,79.9507099,7173361,0.0020665315849999998,benign_mlo
129,0.001797405957,-14408.8482,679.4482723,0.1207561744,-11.19587714,7.2253908739999995,5.656275733999999,79.997675,7173361,0.001797405957,benign_mlo
130,0.0014942005650000001,-20414.41652,450.6861077,0.0855786108,-10.18657148,7.055939266,5.435178477000001,80.00294501,7173361,0.0014942005650000001,benign_mlo
131,0.001465449627,-14671.00971,659.7671034,0.1108961295,-10.94288348,7.236222646,5.692190561,79.99131998,7173361,0.001465449627,benign_mlo
132,0.0014756824859999999,-14708.65164,671.6884593,0.1128834701,-11.12591471,7.237126026,5.7021094539999995,79.98263997,7173361,0.0014756824859999999,benign_mlo
133,0.001472265427,-14634.048969999998,663.1135668,0.1110134368,-11.02639328,7.237118861,5.69211712,80.00124,7173361,0.001472265427,benign_mlo
134,0.002199549052,-13807.668430000002,709.7722241,0.1266926115,-10.81019099,7.208537445,5.66658068,79.99441999,7173361,0.002199549052,benign_mlo
135,0.001232165434,-15200.394180000001,642.5815902,0.1050837475,-11.03916822,7.240003311000001,5.702850072,79.96062992,7173361,0.001232165434,benign_mlo
136,0.001252176402,-15003.09278,648.2425297999999,0.1059746924,-11.11521476,7.243959479,5.695771923,79.93815488,7173361,0.001252176402,benign_mlo
137,0.005411366683,-24717.21856,350.7404361,0.1389802276,-9.186029519,6.840670852000001,5.0843875,79.998605,7173361,0.005411366683,benign_mlo
138,0.001847636937,-14122.743380000002,704.2293607,0.1222702525,-10.96825575,7.221237546,5.696277415,79.87971976,7173361,0.001847636937,benign_mlo
139,0.002010165826,-21694.2227,420.4409698,0.09173392812,-9.888131271,6.979261953,5.340417179,80.02371505,7173361,0.002010165826,benign_mlo
140,0.0014214086679999998,-20642.545980000003,445.0396006,0.0902151263,-10.27876629,7.083961936000001,5.415960105,79.99906999999999,7173361,0.0014214086679999998,benign_mlo
141,0.0013390165530000001,-20074.87493,461.54465020000004,0.08223298632,-10.282088,7.075873707,5.477596074,79.99720999,7173361,0.0013390165530000001,benign_mlo
142,0.0022930334340000003,-13894.97509,724.0932475999999,0.129291575,-11.15643913,7.203283573999999,5.676678223,79.98511997,7173361,0.0022930334340000003,benign_mlo
143,0.0009756201419000001,-15906.89769,615.7647618999999,0.09731578323,-11.19257828,7.244865235,5.704016022999999,79.98744497,7173361,0.0009756201419000001,benign_mlo
144,0.001164574249,-16196.2334,570.4047803999999,0.09671330036,-11.0253596,7.235407277999999,5.60398013,80.0,7173361,0.001164574249,benign_mlo
145,0.0012254053419999999,-15165.09134,646.9558764999999,0.1050735452,-11.04669818,7.243348376,5.711987107000001,79.96481493,7173361,0.0012254053419999999,benign_mlo
146,0.001163182596,-15585.5886,619.8719932,0.09737216976,-10.85842291,7.232664024,5.7056394070000005,80.03239506,7173361,0.001163182596,benign_mlo
147,0.001208774615,-15280.1386,620.3550504,0.10135697880000001,-11.1044514,7.246204822999999,5.655708276,79.98604997,7173361,0.001208774615,benign_mlo
148,0.001611043241,-14463.890290000001,688.0515412000001,0.11478697460000001,-10.85433797,7.225804236,5.71245706,79.96124992,7173361,0.001611043241,benign_mlo
149,0.0018677320379999998,-14109.67704,699.0553480000001,0.1212539715,-10.98998788,7.222294828,5.684903597999999,79.97147994,7173361,0.0018677320379999998,benign_mlo
150,0.001560532414,-14513.539519999998,673.782735,0.1134240902,-11.14194134,7.2335789770000005,5.684856087000001,79.95008990000001,7173361,0.001560532414,benign_mlo
151,0.0009342459983,-18688.87898,503.8069488,0.08675951741,-10.79955074,7.178823645,5.566954339,80.01100502,7173361,0.0009342459983,benign_mlo
152,0.001460683033,-14742.82641,670.8623365,0.1108202471,-10.92963733,7.231717712999999,5.718490903999999,79.96357493,7173361,0.001460683033,benign_mlo
153,0.0019220291,-14190.33624,705.302363,0.12093380949999999,-10.60934643,7.197054562000001,5.693975882,79.95551491,7173361,0.0019220291,benign_mlo
154,0.001250405917,-20014.41361,460.3096131,0.09104304462000001,-10.46143103,7.127453046,5.458106784,79.99643499,7173361,0.001250405917,benign_mlo
155,0.010649921509999999,-26335.16789,321.511873,0.1674785435,-8.730633642,6.668182872999999,4.952138644,80.0,7173361,0.010649921509999999,benign_mlo
156,0.001026800113,-15884.26145,598.0167482999999,0.09758821872000001,-11.16127671,7.248948444,5.652209785,79.96915494,7173361,0.001026800113,benign_mlo
157,0.001802333444,-14163.88369,705.8957701,0.11983228900000001,-10.80194918,7.215123857999999,5.7086879779999995,79.94822990000002,7173361,0.001802333444,benign_mlo
158,0.002079897722,-13878.63965,717.9260697000001,0.1264152878,-10.92802425,7.214569109,5.682729295,79.93024986,7173361,0.002079897722,benign_mlo
159,0.001888556601,-14190.354269999998,698.4913640999999,0.12310158660000001,-11.01405962,7.222982525,5.690152302,79.97256495,7173361,0.001888556601,benign_mlo
160,0.001637744253,-14400.913,690.1599972,0.117100571,-11.02736484,7.229816533999999,5.705325145,79.91583483,7173361,0.001637744253,benign_mlo
161,0.002370405069,-13660.29996,732.0380606000001,0.1313343323,-10.74788142,7.196292877,5.675649606,79.98930498,7173361,0.002370405069,benign_mlo
162,0.002012022471,-14025.767219999998,698.6784738,0.1231986008,-11.05942019,7.215902224,5.670397312,79.96279993,7173361,0.002012022471,benign_mlo
163,0.0009101073536,-16321.18242,599.7245981000001,0.09985838763,-11.40003936,7.247029897999999,5.659450874,79.94233988,7173361,0.0009101073536,benign_mlo
164,0.002234164711,-17202.512919999997,491.48575530000005,0.09294475721,-10.36916269,7.161147825,5.392789623,79.99876,7173361,0.002234164711,benign_mlo
165,0.003040940666,-13344.384320000001,752.7934662,0.1398591369,-10.98929543,7.172806671,5.64981569,79.96341993,7173361,0.003040940666,benign_mlo
166,0.0019458807019999999,-14401.919569999998,706.1502188,0.11620511310000001,-10.41039377,7.164944085,5.701148428,79.8973293,7173361,0.0019458807019999999,benign_mlo
167,0.002537931599,-13568.4355,743.6604897999999,0.1331638788,-11.024994300000001,7.19453244,5.683076438,79.95842782,7173361,0.002537931599,benign_mlo
168,0.0034508651260000004,-12976.01482,774.230236,0.1440781515,-10.89055429,7.15171881,5.636535865,79.83056185,7173361,0.0034508651260000004,benign_mlo
169,0.002335240786,-13713.2452,738.2241717999999,0.130146695,-10.61866467,7.18323484,5.683869972,80.03464349,7173361,0.002335240786,benign_mlo
170,0.005437592068,-16043.64401,619.4605642999999,0.1713777662,-10.1198969,6.906087277,5.4925347989999995,79.68568909,7173361,0.005437592068,benign_mlo
171,0.002250740055,-13706.936269999998,736.6711442000001,0.1278097502,-10.88908382,7.198105039,5.707950036000001,79.92000504,7173361,0.002250740055,benign_mlo
172,0.002706021774,-13283.81373,762.036845,0.1355891455,-10.76315581,7.183604053,5.6789593389999995,79.96409675,7173361,0.002706021774,benign_mlo
173,0.002066135624,-13852.60115,731.4793265,0.12572189820000002,-10.78109546,7.195291892,5.701978369,79.88095238,7173361,0.002066135624,benign_mlo
174,0.002404185662,-13573.15987,749.2188297,0.1309560275,-10.62227624,7.184541682000001,5.693469211,79.98740237,7173361,0.002404185662,benign_mlo
175,0.004115238239999999,-12801.741109999999,784.0929705,0.15135489189999998,-10.75182799,7.127862284,5.612964142,80.00251953,7173361,0.004115238239999999,benign_mlo
176,0.0026004615100000002,-13469.49561,727.8167018999999,0.13398047300000002,-10.73275098,7.189209684,5.645234115,79.98110355,7173361,0.0026004615100000002,benign_mlo
177,0.01908047106,-27842.970419999998,304.509424,0.2032064241,-8.454667114,6.483688523,4.86699569,80.0,7173361,0.01908047106,benign_mlo
178,0.0031427918440000003,-13166.38509,760.4276352,0.1410182854,-10.84320152,7.168804249,5.650661463,79.89921895,7173361,0.0031427918440000003,benign_mlo
179,0.002769650933,-13175.96102,773.6342471,0.135970115,-10.51153185,7.167126806000001,5.674007006,79.93638196,7173361,0.002769650933,benign_mlo
180,0.0036052016859999996,-12916.39541,778.0241599,0.1463827057,-10.75252659,7.148399979,5.632634911,79.89984883,7173361,0.0036052016859999996,benign_mlo
181,0.002325003624,-14839.412890000001,681.9429017000001,0.1445100949,-10.95592096,7.165616479,5.640064601000001,79.87969262,7173361,0.002325003624,benign_mlo
182,0.003158183295,-13191.16633,759.5977058999999,0.1395857824,-10.92162694,7.167927402,5.643143799,79.98362308,7173361,0.003158183295,benign_mlo
183,0.002244986229,-13789.246219999999,717.7002543,0.1279411784,-10.94149621,7.208607276,5.667063692,79.999845,7173361,0.002244986229,benign_mlo
184,0.003211171349,-13039.61202,770.6447433999999,0.1427382775,-10.63254984,7.160946373,5.639327947999999,79.90551776,7173361,0.003211171349,benign_mlo
185,0.002185682842,-13769.3952,725.7820975999999,0.1266801252,-10.59844938,7.185349574,5.683534731,79.80095742,7173361,0.002185682842,benign_mlo
186,0.0032713091009999996,-12979.31899,776.5798844,0.1433693937,-10.68234679,7.16039545,5.640820879,79.89795918,7173361,0.0032713091009999996,benign_mlo
187,0.003549820233,-12929.555479999999,776.8891305999999,0.1472193339,-10.65302124,7.150673077,5.631810462000001,79.9281935,7173361,0.003549820233,benign_mlo
188,0.002537798687,-13670.9494,735.2549849,0.1307508842,-11.11723996,7.193055452,5.673830672999999,79.94016125,7173361,0.002537798687,benign_mlo
189,0.0027295267800000003,-13529.10625,747.5808037,0.1360573917,-10.94475855,7.183622279,5.675307652000001,80.13857395,7173361,0.0027295267800000003,benign_mlo
190,0.003360137391,-13172.130490000001,759.5971872,0.1421055414,-11.01984086,7.155978425,5.628681992000001,79.99685059,7173361,0.003360137391,benign_mlo
191,0.0019069745740000002,-14296.498759999999,704.1056366,0.12081405619999999,-11.31956274,7.217681088,5.691666777000001,79.91874528,7173361,0.0019069745740000002,benign_mlo
192,0.003993833067,-12833.11126,785.2186353999999,0.1505081497,-10.748956800000002,7.1340673820000005,5.616191317,80.02092504,7173361,0.003993833067,benign_mlo
193,0.00189058016,-14155.3946,694.3746862,0.1210018635,-10.92686357,7.224143861,5.674718147999999,80.04123008,7173361,0.00189058016,benign_mlo
194,0.001840463163,-14187.11916,691.162553,0.1199413927,-10.95075462,7.2263387439999995,5.676669072999999,79.96651993,7173361,0.001840463163,benign_mlo
195,0.003118167701,-13266.856029999999,756.7776977000001,0.1403235287,-10.95663755,7.168824214,5.647416574,79.99085498,7173361,0.003118167701,benign_mlo
196,0.001004979695,-18212.47148,516.3062501,0.08060746793,-10.65455121,7.171466742000001,5.6055325279999995,80.00806002,7173361,0.001004979695,benign_mlo
197,0.0035297217570000004,-12937.76866,780.7685585,0.1462769167,-10.692055900000002,7.151329985,5.634985512999999,79.96620993,7173361,0.0035297217570000004,benign_mlo
198,0.003050127623,-13141.43495,767.2994453,0.140659007,-10.79578178,7.169795815,5.649484937,79.96140492,7173361,0.003050127623,benign_mlo
199,0.0009618149613,-17061.77016,553.3195572000001,0.08778770277999999,-10.86313313,7.222363345,5.63976654,79.99271499,7173361,0.0009618149613,benign_mlo
200,0.003342731265,-13030.34247,774.1203967,0.14324978130000002,-10.84373666,7.158493631,5.638816027000001,80.03534007,7173361,0.003342731265,benign_mlo
201,0.003124919669,-13199.36843,763.8946171,0.1402912098,-10.93774758,7.16776626,5.650480063,79.95551491,7173361,0.003124919669,benign_mlo
202,0.002666698846,-16935.93757,591.3089497999999,0.1584726832,-10.89654489,7.145413477999999,5.309239367,79.98635997,7173361,0.002666698846,benign_mlo
203,0.002286025418,-13638.190569999999,745.0236827,0.1289527338,-10.98791269,7.202036293,5.704528211,79.96155992,7173361,0.002286025418,benign_mlo
204,0.0033994413640000003,-13020.74605,774.5726503,0.1435407317,-10.84853695,7.155786178,5.642013802999999,79.98573997,7173361,0.0033994413640000003,benign_mlo
205,0.002751462389,-13503.334980000001,749.4765362,0.1351137165,-11.15300017,7.181810617999999,5.65188041,79.99286999,7173361,0.002751462389,benign_mlo
206,0.003914915101,-12935.11973,774.1142501,0.1488159844,-10.92716084,7.135016035,5.615523484,80.002015,7173361,0.003914915101,benign_mlo
207,0.003856186625,-12792.8201,791.4050778,0.1499030684,-10.67895019,7.137305297,5.627022871,79.94621489,7173361,0.003856186625,benign_mlo
208,0.0029809393349999997,-16566.680669999998,612.4281164,0.13922934539999998,-10.17628341,6.968266149,5.556902112,79.81481481,7173361,0.0029809393349999997,benign_mlo
209,0.002404673913,-15668.94483,641.0713542999999,0.11200102949999999,-10.19365568,7.049144223,5.648721329,79.59372638,7173361,0.002404673913,benign_mlo
210,0.002009758078,-13971.290030000002,730.8601186000001,0.12457934429999999,-10.76260056,7.1987628,5.7077934589999995,80.16313933,7173361,0.002009758078,benign_mlo
211,0.0033518644059999997,-13010.40895,775.6022518,0.1435558221,-10.80745359,7.157986677999999,5.643745431,79.99426499,7173361,0.0033518644059999997,benign_mlo
212,0.0018822470800000002,-14582.92265,696.822713,0.11263643300000001,-10.50135402,7.161038712000001,5.727772637999999,79.80662635,7173361,0.0018822470800000002,benign_mlo
213,0.0022669845209999998,-13820.652619999999,732.5717365,0.12930683140000002,-11.05513649,7.205262679,5.683595072999999,80.05794911,7173361,0.0022669845209999998,benign_mlo
214,0.0019282287630000001,-15469.9797,643.7097353999999,0.10997692,-10.48553709,7.123364279,5.687246707000001,79.73544974,7173361,0.0019282287630000001,benign_mlo
215,0.00195808922,-13954.679569999998,731.4113961,0.12095832640000001,-10.63317555,7.190044863,5.716890061,79.91181658,7173361,0.00195808922,benign_mlo
216,0.001268305209,-15932.914869999999,635.6421448,0.1247653777,-11.08302563,7.214359231,5.641157589,79.97669438,7173361,0.001268305209,benign_mlo
217,0.0025337027309999998,-13583.57654,745.5779659,0.1314504722,-11.14809875,7.189304379,5.667907862000001,79.88851096,7173361,0.0025337027309999998,benign_mlo
218,0.001476305788,-14615.118730000002,695.0701171000001,0.1143933093,-11.13651464,7.228947946,5.728986352000001,79.94834971,7173361,0.001476305788,benign_mlo
219,0.00179867549,-16920.20804,590.4611784,0.1299213562,-10.766779199999998,7.12890301,5.62081005,79.93764172,7173361,0.00179867549,benign_mlo
220,0.0016552275080000001,-14277.146040000001,709.7723285000001,0.11678099789999999,-11.01856197,7.223788892999999,5.73558819,79.9382716,7173361,0.0016552275080000001,benign_mlo
221,0.003954528235,-12728.19608,789.0128631,0.1506180674,-10.612364,7.130411259,5.62004945,79.95396491,7173361,0.003954528235,benign_mlo
222,0.00328321882,-13066.43322,773.1196689,0.1432240783,-10.77335959,7.160240991,5.648237541,79.9486949,7173361,0.00328321882,benign_mlo
223,0.003462185244,-13047.77873,770.6139808999999,0.1462529414,-10.76191141,7.154614761,5.639011599999999,79.96248992,7173361,0.003462185244,benign_mlo
224,0.003738048771,-12948.50353,777.3131027000001,0.1471457528,-10.89336451,7.141032052000001,5.622185541,80.02030504,7173361,0.003738048771,benign_mlo
225,0.003378588691,-13057.92323,771.4059249,0.1445437145,-10.83350191,7.159627352999999,5.63983667,79.99224998,7173361,0.003378588691,benign_mlo
226,0.0032738799349999997,-13111.43049,765.4995918,0.1420217591,-10.93490507,7.160570347999999,5.64821024,79.92156984,7173361,0.0032738799349999997,benign_mlo
227,0.002227558455,-14061.78318,717.822451,0.1334808685,-11.15104379,7.2106082129999995,5.648918697,79.97039494,7173361,0.002227558455,benign_mlo
228,0.004165098533,-12771.697970000001,782.1652507,0.1527504814,-10.6828459,7.127597332000001,5.599585315,80.02232004,7173361,0.004165098533,benign_mlo
229,0.002088516935,-13872.73899,685.5451961,0.1198762201,-10.78624598,7.2119586479999995,5.638343099999999,80.01255503,7173361,0.002088516935,benign_mlo
230,0.003469600771,-12988.22925,767.544634,0.14651058320000002,-10.59310475,7.154203108,5.625648011,80.02588505,7173361,0.003469600771,benign_mlo
231,0.002522138642,-13514.88741,743.3931362000001,0.13318691400000002,-10.92711472,7.1946276110000005,5.681263562000001,79.98356997,7173361,0.002522138642,benign_mlo
232,0.002024748294,-14930.26005,672.7458545,0.13625798390000002,-10.62582748,7.1494032370000005,5.632744232,79.94295989,7173361,0.002024748294,benign_mlo
233,0.009061106377,-18014.98837,559.8439795,0.2048380245,-10.28545242,6.91995598,5.302049467,79.99069998,7173361,0.009061106377,benign_mlo
234,0.0021142739850000002,-15115.8271,669.3360968,0.1359145433,-11.30853487,7.203428266,5.529946004,80.02433505,7173361,0.0021142739850000002,benign_mlo
235,0.003414327583,-13007.261,775.8867451,0.14425072,-10.87925674,7.154491198,5.634469797,80.01038502,7173361,0.003414327583,benign_mlo
236,0.0028999316409999997,-13314.35499,758.2153016,0.1375734821,-10.89818607,7.180066651000001,5.6690148670000005,80.0500651,7173361,0.0028999316409999997,benign_mlo
237,0.002642143937,-13334.21225,759.7456221,0.1344862845,-10.81634417,7.186899252999999,5.676275327000001,79.95473991,7173361,0.002642143937,benign_mlo
238,0.002685729425,-13436.23331,742.5502142000001,0.1343032551,-10.83936938,7.180459868,5.668696853999999,80.0500651,7173361,0.002685729425,benign_mlo
239,0.0015395870949999999,-14847.38774,680.655771,0.1204311937,-10.99259582,7.204667698,5.706478866,79.89552979,7173361,0.0015395870949999999,benign_mlo
240,0.003225937,-13358.95925,755.464626,0.145176847,-10.99087708,7.1693959839999994,5.61733901,79.96093992,7173361,0.003225937,benign_mlo
241,0.004452134434,-12660.8632,796.9246797999999,0.1559822506,-10.69593846,7.115715221,5.605718818,79.98496497,7173361,0.004452134434,benign_mlo
242,0.003002840182,-13164.6495,774.9964039,0.1398078867,-10.71663493,7.1696091,5.6659874960000005,80.00914502,7173361,0.003002840182,benign_mlo
243,0.002937770612,-13261.37742,759.8123709,0.1395681466,-10.74454321,7.171481076,5.662187529,80.00403001,7173361,0.002937770612,benign_mlo
244,0.003391531086,-13042.07399,771.3317621,0.144353126,-10.85803741,7.1572307539999995,5.631789975,79.97938496,7173361,0.003391531086,benign_mlo
245,0.004644182223000001,-12487.946890000001,808.262985,0.1577456474,-10.56709502,7.102452054,5.59006751,79.98744497,7173361,0.004644182223000001,benign_mlo
246,0.0030207791509999997,-13240.692070000001,747.6421859000001,0.1399200287,-10.83944508,7.166438621,5.643750046,79.96512493,7173361,0.0030207791509999997,benign_mlo
247,0.003137851192,-13290.62059,749.761404,0.1402264946,-11.00161181,7.1681170860000005,5.640549475,79.96496993,7173361,0.003137851192,benign_mlo
248,0.00312897479,-13341.43475,755.2721232999999,0.142574759,-11.0229125,7.172021045,5.63172891,79.95349991,7173361,0.00312897479,benign_mlo
249,0.002149495272,-14870.690630000001,679.4399085,0.1368784611,-11.27043759,7.205570821,5.547595075,80.02573005,7173361,0.002149495272,benign_mlo
250,0.003110419713,-13210.15924,762.6337507000001,0.1408609372,-10.93446222,7.170207182,5.650964892999999,79.95582491,7173361,0.003110419713,benign_mlo
251,0.002450786899,-13532.70079,747.5164421000001,0.1316569973,-10.83371029,7.192135949,5.691564495,79.9507099,7173361,0.002450786899,benign_mlo
252,0.0021966716560000003,-14579.18373,685.3767925,0.1399132146,-11.18541049,7.205262904,5.584947078,79.94838490000001,7173361,0.0021966716560000003,benign_mlo
253,0.0018998603330000001,-15076.00675,667.5385514999999,0.1333338845,-11.30313293,7.217185302000001,5.565611971,80.02650505,7173361,0.0018998603330000001,benign_mlo
254,0.003207042943,-13173.85928,769.4534136,0.1419031021,-10.85266638,7.165587021,5.659154391,80.02201004,7173361,0.003207042943,benign_mlo
255,0.003930961884,-12901.36052,779.0839416,0.1498564216,-10.82176963,7.135485471,5.615455583999999,80.04045508,7173361,0.003930961884,benign_mlo
256,0.003791965396,-12877.11024,778.8594196,0.1493887987,-10.61867842,7.14130146,5.618323097999999,80.01271003,7173361,0.003791965396,benign_mlo
257,0.003731602117,-12852.71615,780.6132713,0.1487843747,-10.60030496,7.141172478,5.624556504,79.97209994,7173361,0.003731602117,benign_mlo
258,0.002391576495,-13892.95415,726.4907376,0.1362724712,-11.09747892,7.2028869,5.641232645,79.98000496,7173361,0.002391576495,benign_mlo
259,0.0040174423489999994,-12844.00733,778.5738205,0.1516080071,-10.79549809,7.131536007,5.620901617,79.98775498,7173361,0.0040174423489999994,benign_mlo
260,0.002549169338,-13544.240580000002,741.2058247,0.1329281223,-10.97320394,7.190914901,5.683887073999999,80.00837002,7173361,0.002549169338,benign_mlo
261,0.002919029656,-13382.87537,751.2238762999999,0.1383590435,-11.00130939,7.176036766,5.655853211,80.01116002,7173361,0.002919029656,benign_mlo
262,0.0027228977360000003,-13566.851130000001,739.4401687000001,0.13608052710000001,-11.10435342,7.187694193,5.652452778,80.04913509999999,7173361,0.0027228977360000003,benign_mlo
263,0.0035340208669999997,-12974.034440000001,775.8374443,0.1472548169,-10.63329616,7.152202107999999,5.62593128,80.04014508,7173361,0.0035340208669999997,benign_mlo
264,0.002697737183,-13768.75232,730.6464211,0.1415125181,-11.08445296,7.188989603,5.618535921,79.95148490000001,7173361,0.002697737183,benign_mlo
265,0.003607783108,-12947.152,775.700408,0.14807554380000001,-10.70433345,7.149418871,5.622115556000001,79.97643995,7173361,0.003607783108,benign_mlo
266,0.002381532217,-14068.09765,719.9126399,0.1327333543,-11.31696375,7.197492007,5.64168995,79.95597991,7173361,0.002381532217,benign_mlo
267,0.008644166840999999,-18036.76757,559.6302397999999,0.20038684280000002,-10.43939682,6.941400555,5.348210812,79.99007998,7173361,0.008644166840999999,benign_mlo
268,0.003297196756,-13080.30661,772.3261722,0.142472821,-10.92018557,7.160278677000001,5.640088285,79.97333995,7173361,0.003297196756,benign_mlo
269,0.003460129192,-17253.04866,587.4061505,0.1640414397,-10.717610699999998,7.085051843,5.46360273,79.93629487,7173361,0.003460129192,benign_mlo
270,0.002136999249,-13945.801630000002,733.3633467,0.125477616,-10.66136232,7.181455144,5.7024067,79.92590985,7173361,0.002136999249,benign_mlo
271,0.003580863543,-12964.34432,774.6366469,0.1450405908,-10.89742372,7.147587746,5.633843101,79.96109492,7173361,0.003580863543,benign_mlo
272,0.0032818404849999996,-13028.783959999999,767.4297732000001,0.14313335359999999,-10.72717624,7.155591396,5.640940766,80.00666501,7173361,0.0032818404849999996,benign_mlo
273,0.002831776018,-13364.7443,753.1085816000001,0.1374273943,-10.90713371,7.182274371,5.6595685,80.02232004,7173361,0.002831776018,benign_mlo
274,0.003944159424,-12894.02096,780.2968544,0.1484282592,-10.96042489,7.130214184,5.612713904,79.97674995,7173361,0.003944159424,benign_mlo
275,0.0028542632069999997,-13283.65138,757.2725392000001,0.13858251060000001,-10.69317944,7.175325465,5.654844971,79.97519995,7173361,0.0028542632069999997,benign_mlo
276,0.003412640856,-13059.91495,766.2426028,0.1445945001,-10.75696932,7.150681494,5.641080592000001,80.00728501,7173361,0.003412640856,benign_mlo
277,0.0030408929470000005,-16886.17303,593.8635966,0.1654395422,-10.88427736,7.1316151660000004,5.392531456,80.03689007,7173361,0.0030408929470000005,benign_mlo
278,0.004056706188,-12698.43003,790.0795117,0.1530881378,-10.48556071,7.127227542999999,5.596214787,80.00480501,7173361,0.004056706188,benign_mlo
279,0.0014775098199999999,-14727.49594,673.0736352999999,0.11224300570000001,-11.23953964,7.236490477,5.697358437999999,80.06897514,7173361,0.0014775098199999999,cancer_mlo
280,0.00251767532,-13482.90741,729.6142607999999,0.13232539769999999,-10.75932913,7.194321893,5.655276702,79.97116994,7173361,0.00251767532,cancer_mlo
281,0.0024338727359999998,-13502.46824,742.7008139999999,0.13196250310000002,-10.75966551,7.1948495999999995,5.679548333,79.95256991,7173361,0.0024338727359999998,cancer_mlo
282,0.001075952892,-15842.01948,605.1025125,0.09786643548,-11.02581112,7.243144341,5.674910301000001,80.00852502,7173361,0.001075952892,cancer_mlo
283,0.003155005261,-13170.36326,757.0115182999999,0.1415911695,-10.81934868,7.16978827,5.6381684729999995,79.96062992,7173361,0.003155005261,cancer_mlo
284,0.001388093112,-15243.506290000001,661.9285225,0.1206052683,-11.30469167,7.234466868999999,5.659129473999999,79.95504991,7173361,0.001388093112,cancer_mlo
285,0.001727072713,-15416.33299,576.4168553999999,0.08812727236,-10.62428772,7.213388018,5.581341149,79.99658999,7173361,0.001727072713,cancer_mlo
286,0.0015734919260000002,-14697.00084,684.6678744,0.12024089660000001,-11.21495273,7.230477554,5.687468172999999,79.95148490000001,7173361,0.0015734919260000002,cancer_mlo
287,0.0026467824619999998,-13452.41458,740.2312617,0.13505167,-10.72529456,7.18877022,5.6604724310000005,79.96667493,7173361,0.0026467824619999998,cancer_mlo
288,0.0027498226909999997,-13366.10643,751.6083079,0.1372865275,-10.61490583,7.179145148,5.660732803999999,79.96822494,7173361,0.0027498226909999997,cancer_mlo
289,0.0011898962350000001,-15990.207380000002,582.5275762,0.08704325387,-10.71901932,7.22421761,5.661492982,79.99596999,7173361,0.0011898962350000001,cancer_mlo
290,0.002266668819,-13966.08721,710.850059,0.12716881130000002,-11.17579688,7.202652334,5.644966451,79.97349495,7173361,0.002266668819,cancer_mlo
291,0.003539642365,-12885.55408,778.5254315000001,0.1460329881,-10.71509551,7.151616314,5.63257882,79.88560977,7173361,0.003539642365,cancer_mlo
292,0.002130599038,-13964.21561,705.3616913,0.1247094392,-11.03509786,7.2129553170000005,5.664215939,80.00511501,7173361,0.002130599038,cancer_mlo
293,0.002617620215,-13441.902240000001,757.737833,0.1343652821,-10.66041261,7.177863549,5.680493801,80.00759502,7173361,0.002617620215,cancer_mlo
294,0.002109104055,-13971.22126,711.6648022,0.1260665065,-11.19948964,7.211106155,5.670278767,79.92048484,7173361,0.002109104055,cancer_mlo
295,0.00199386588,-15324.591769999999,659.0324126,0.1249055082,-10.57309715,7.1311004,5.636572294,79.89521979,7173361,0.00199386588,cancer_mlo
296,0.0030416115970000003,-13293.02721,751.1017052999999,0.1402533144,-10.85196256,7.1725618120000005,5.64630366,80.02914006,7173361,0.0030416115970000003,cancer_mlo
297,0.001868370265,-14260.44914,671.6873982000001,0.11763801119999999,-11.147619699999998,7.215446182000001,5.616381272999999,79.99581499,7173361,0.001868370265,cancer_mlo
298,0.002108845169,-13848.134580000002,730.7166867000001,0.1269917628,-10.92800284,7.205627578,5.700491037999999,79.98976998,7173361,0.002108845169,cancer_mlo
299,0.001632124032,-14417.10437,684.4254836,0.1161963702,-10.96571307,7.231479146,5.7021742810000005,79.95582491,7173361,0.001632124032,cancer_mlo
300,0.0030476493290000004,-13195.14279,759.5284255,0.14180543880000002,-10.72094073,7.1677267129999995,5.643712682,79.95303491,7173361,0.0030476493290000004,cancer_mlo
301,0.001210246287,-15442.8462,621.3706669,0.09914550978,-10.87075141,7.239931433,5.6941282939999995,80.00604501,7173361,0.001210246287,cancer_mlo
302,0.002171110696,-13777.97704,711.5540704,0.1264532046,-10.78454813,7.206938059,5.667335147999999,80.02108004,7173361,0.002171110696,cancer_mlo
303,0.003584619462,-12960.21971,771.8426893,0.1466809069,-10.76802414,7.150142334,5.624661802,79.91242482,7173361,0.003584619462,cancer_mlo
304,0.002121035248,-13993.2235,677.3515894,0.11858965380000001,-10.54441522,7.202787955,5.642316038,79.97318495,7173361,0.002121035248,cancer_mlo
305,0.002835692393,-13301.48815,740.9717638,0.1359516968,-10.82030106,7.179846587999999,5.636919957999999,79.99689999,7173361,0.002835692393,cancer_mlo
306,0.001189153034,-18312.076719999997,494.0398506,0.08099271911,-10.54618476,7.164778434,5.530701794,80.00248,7173361,0.001189153034,cancer_mlo
307,0.002610723751,-13412.98847,749.2766545,0.1337816368,-10.888845300000002,7.1894739439999995,5.666776627000001,79.98511997,7173361,0.002610723751,cancer_mlo
308,0.00264546868,-13377.36427,727.5703677,0.1323639818,-10.8188925,7.186055252999999,5.634042827999999,79.99131998,7173361,0.00264546868,cancer_mlo
309,0.001842392799,-14162.305409999999,714.2013347,0.122030784,-10.96337838,7.215440707999999,5.715666832,79.98759998,7173361,0.001842392799,cancer_mlo
310,0.001493827005,-14668.830930000002,661.3527477000001,0.10993650279999999,-10.88025308,7.237467092999999,5.691020217,80.00573501,7173361,0.001493827005,cancer_mlo
311,0.002242616049,-13769.504990000001,714.5055929,0.1276222921,-10.97145165,7.206568012999999,5.657940316,79.96388493,7173361,0.002242616049,cancer_mlo
312,0.0009676696520000001,-16438.42632,577.7886082,0.09415958919,-11.06709169,7.244148352000001,5.636880400000001,79.99534999,7173361,0.0009676696520000001,cancer_mlo
313,0.001132048489,-16165.221969999999,573.3745631,0.09366501999,-10.9997623,7.240427502,5.606600659,79.98806498,7173361,0.001132048489,cancer_mlo
314,0.002338080714,-13739.88986,716.1474237000001,0.1284664872,-11.0186579,7.202226394,5.657501742000001,80.02759006,7173361,0.002338080714,cancer_mlo
315,0.00109377109,-15929.699519999998,603.3196048,0.09536032120999999,-10.90080824,7.236871785,5.690300053,79.97798996,7173361,0.00109377109,cancer_mlo
316,0.001667259338,-14362.840709999999,677.0089402000001,0.1153795225,-10.99990852,7.231452898,5.680650842,79.99224998,7173361,0.001667259338,cancer_mlo
317,0.0021075585500000002,-13959.32707,715.3610699,0.1257252013,-11.19746944,7.211420456,5.676312741,79.97535495,7173361,0.0021075585500000002,cancer_mlo
318,0.00249868677,-13540.187719999998,738.3183776000001,0.1329033158,-10.73650917,7.189235992,5.666928182,80.03565007,7173361,0.00249868677,cancer_mlo
319,0.002057073415,-13918.98565,688.550687,0.11906861789999999,-10.738020599999999,7.215331155,5.647554273,79.98356997,7173361,0.002057073415,cancer_mlo
320,0.0014127743640000002,-14893.121030000002,655.5281426,0.1083869545,-10.90951416,7.237079926,5.703960123,79.97876496,7173361,0.0014127743640000002,cancer_mlo
321,0.002466917574,-13590.84657,735.1160856,0.13265818880000002,-10.83048599,7.190233083,5.668897805,80.001705,7173361,0.002466917574,cancer_mlo
322,0.002127814965,-13978.03894,711.2066017000001,0.1253204446,-11.18223277,7.209924313999999,5.676262212,79.96186992,7173361,0.002127814965,cancer_mlo
323,0.0009465760379999999,-17547.386280000002,529.9176133000001,0.08985795985999999,-10.92593016,7.229001142,5.571353935,80.00604501,7173361,0.0009465760379999999,cancer_mlo
324,0.001601210385,-14616.676430000001,669.1315214,0.1148327792,-10.86458503,7.224618108,5.687499074,80.01131502,7173361,0.001601210385,cancer_mlo
325,0.0031730212150000003,-13185.98263,753.0671234,0.142216012,-10.75450525,7.169711189,5.639517454,79.96295493,7173361,0.0031730212150000003,cancer_mlo
326,0.003382384491,-13001.85449,773.3724543999999,0.14462552380000002,-10.70511007,7.157763776,5.638104182,79.98077996,7173361,0.003382384491,cancer_mlo
327,0.003086152849,-13126.01027,772.1400106000001,0.1410806939,-10.69659824,7.166190727999999,5.656895563,79.99658999,7173361,0.003086152849,cancer_mlo
328,0.0009446146442000001,-16609.848469999997,575.0142204,0.09040714153999999,-10.97184959,7.231126055,5.667265303,79.96651993,7173361,0.0009446146442000001,cancer_mlo
329,0.003289176653,-12982.57828,781.1222938,0.1437701131,-10.5497915,7.1553982320000005,5.644417972,79.94001488,7173361,0.003289176653,cancer_mlo
330,0.001812529154,-14167.880180000002,675.8291015,0.11542033019999999,-10.93679208,7.22368313,5.657259922000001,80.02666005,7173361,0.001812529154,cancer_mlo
331,0.003771112964,-12846.77767,783.0080132999999,0.1487801228,-10.74639088,7.141225993,5.624965541,79.998605,7173361,0.003771112964,cancer_mlo
332,0.002085842251,-13935.358580000002,723.9070339,0.1272705496,-11.12249361,7.208613313,5.686090342000001,79.89738979,7173361,0.002085842251,cancer_mlo
333,0.001310731132,-14933.417269999998,653.2807414,0.10634036890000001,-10.97572969,7.244368219,5.700259231,79.97008494,7173361,0.001310731132,cancer_mlo
334,0.0019543672399999997,-14246.1513,708.0924212,0.1234373934,-11.32214438,7.215470881,5.678651202,79.98031496,7173361,0.0019543672399999997,cancer_mlo
335,0.0009533970031,-17855.299890000002,524.4023933999999,0.08388047873,-10.7858722,7.202712425,5.6049418929999995,79.99581499,7173361,0.0009533970031,cancer_mlo
336,0.0021596798999999997,-13996.06524,721.33465,0.12597016560000002,-10.57802833,7.177369975,5.685844609,79.96527993,7173361,0.0021596798999999997,cancer_mlo
337,0.001275502833,-15135.23465,642.5420857999999,0.10727391630000001,-11.09119836,7.245035368,5.685844765,79.96403993,7173361,0.001275502833,cancer_mlo
338,0.002701011173,-13360.8055,752.6612127000001,0.1356071626,-10.91613695,7.188075835,5.667574929,79.92172484,7173361,0.002701011173,cancer_mlo
339,0.002815492303,-13609.05845,740.7781841,0.1351544253,-11.24627448,7.177308549,5.641409177000001,79.96419493,7173361,0.002815492303,cancer_mlo
340,0.002757907271,-13700.445080000001,731.5201507,0.135587255,-11.22345657,7.180088825,5.627357533,79.97550995,7173361,0.002757907271,cancer_mlo
341,0.00109938158,-16605.05807,557.0238174,0.08718866855,-10.81919438,7.226285475,5.624701825,80.01178002,7173361,0.00109938158,cancer_mlo
342,0.002843009161,-13304.60608,757.7082893999999,0.1377959356,-10.80307187,7.180327157000001,5.663833117,79.96093992,7173361,0.002843009161,cancer_mlo
343,0.0009931468099,-16386.85938,578.1063534,0.08924245105,-10.91687374,7.232863222000001,5.664831467999999,79.99209498,7173361,0.0009931468099,cancer_mlo
344,0.00266054713,-13402.25168,755.7294315,0.1363355784,-10.66776201,7.182762656,5.667247617999999,80.00263501,7173361,0.00266054713,cancer_mlo
345,0.003749852916,-12830.33428,778.5797443,0.14811623470000002,-10.63732102,7.142220653,5.616157802999999,79.94590489,7173361,0.003749852916,cancer_mlo
346,0.0031834454940000002,-13126.14593,775.1154504,0.1419267774,-10.86329134,7.165060515,5.660353991,79.94574989,7173361,0.0031834454940000002,cancer_mlo
347,0.003314155696,-12984.933729999999,778.4134079,0.1436406626,-10.66397077,7.156877951,5.652974724,79.90591481,7173361,0.003314155696,cancer_mlo
348,0.001808342376,-14153.075019999998,712.8243341,0.1216415382,-10.99489055,7.221907689,5.715767986,79.99410999,7173361,0.001808342376,cancer_mlo
349,0.002855191597,-13249.1947,768.562992,0.1380932632,-10.70430175,7.174421746,5.6711698020000005,79.99085498,7173361,0.002855191597,cancer_mlo
350,0.0040794971,-12917.60818,750.0683240000001,0.14729940460000002,-10.94645678,7.121798117000001,5.596353807000001,79.97907496,7173361,0.0040794971,cancer_mlo
351,0.002731344058,-13592.863080000001,741.8890557,0.1346406502,-11.16532125,7.184261072000001,5.658892169,79.99286999,7173361,0.002731344058,cancer_mlo
352,0.001765216202,-15450.55691,654.5574092,0.1309738603,-10.72846725,7.159705897,5.657220865,79.97318495,7173361,0.001765216202,cancer_mlo
353,0.004100391831,-12890.301640000001,781.7508831,0.1503088646,-10.94299151,7.124704722000001,5.606720444,79.99426499,7173361,0.004100391831,cancer_mlo
354,0.001621323295,-14801.336480000002,683.1852240000001,0.1189752939,-10.89364847,7.197271026,5.69773971,79.96434993,7173361,0.001621323295,cancer_mlo
355,0.0010596489669999999,-15931.784119999998,601.7701011,0.09645696097,-10.9982365,7.241771145,5.6811556329999995,79.99565999,7173361,0.0010596489669999999,cancer_mlo
356,0.002745737073,-13425.562069999998,749.2367982999999,0.1366567592,-10.85579953,7.185576059,5.6648677329999995,79.98139996,7173361,0.002745737073,cancer_mlo
357,0.002187994557,-14032.98313,709.2115984000001,0.1268044089,-11.23369851,7.20685695,5.665738497,79.97364995,7173361,0.002187994557,cancer_mlo
358,0.001231804396,-15403.594,613.5821762,0.09975860269999999,-11.00624145,7.243382015,5.654806363,80.04944509999999,7173361,0.001231804396,cancer_mlo
359,0.0023091192860000003,-13736.310169999999,725.4991456,0.12933651029999998,-10.9788982,7.205483927,5.675733525,79.98341497,7173361,0.0023091192860000003,cancer_mlo
360,0.0032248273710000002,-13336.8305,750.1438415,0.1410293155,-11.10627663,7.159537584,5.6224447070000005,79.96434993,7173361,0.0032248273710000002,cancer_mlo
361,0.002658501799,-13737.017469999999,734.9797194,0.1333976118,-11.26931546,7.181940381,5.639256268,79.97659495,7173361,0.002658501799,cancer_mlo
362,0.002105999982,-13918.143390000001,708.5924259,0.1253808848,-11.01204344,7.212503735,5.6715105370000005,79.98961498,7173361,0.002105999982,cancer_mlo
363,0.002222115734,-13779.239,734.5790256,0.128630911,-11.00819353,7.206244552,5.698636734,79.96248992,7173361,0.002222115734,cancer_mlo
364,0.002860850228,-13265.483059999999,751.3594652,0.1384389142,-10.63670485,7.180712916,5.645743792,79.95566991,7173361,0.002860850228,cancer_mlo
365,0.003738923359,-12829.17714,782.1499249,0.1492223552,-10.58497427,7.141440085,5.615033267,79.99472999,7173361,0.003738923359,cancer_mlo
366,0.001191399951,-15796.28794,595.9380557,0.09575787237,-10.85102789,7.2357817429999995,5.661791816,79.98806498,7173361,0.001191399951,cancer_mlo
367,0.002521460894,-13542.7928,735.1430123,0.13328022609999998,-10.91547614,7.1960297120000005,5.664669693,79.95256991,7173361,0.002521460894,cancer_mlo
368,0.003013076045,-13415.84425,744.6511279,0.1384280795,-11.09072774,7.170287622999999,5.63327723,79.96217992,7173361,0.003013076045,cancer_mlo
369,0.00135589142,-14885.11185,657.2070191,0.1083681922,-11.02272259,7.241217807000001,5.701052981,79.97581995,7173361,0.00135589142,cancer_mlo
370,0.002162543962,-13856.238019999999,722.1531838999999,0.1271958667,-11.00442367,7.208471651,5.681334389,79.99472999,7173361,0.002162543962,cancer_mlo
371,0.0015282816199999997,-14656.492119999999,662.3603258999999,0.11082525970000001,-10.82008187,7.230350345,5.695472215,79.99286999,7173361,0.0015282816199999997,cancer_mlo
372,0.0026576918530000003,-13467.408730000001,724.4781042999999,0.1316320259,-10.61224506,7.16729846,5.660263555,79.98232996,7173361,0.0026576918530000003,cancer_mlo
373,0.002475437444,-13615.494840000001,733.9651277,0.13213494050000002,-10.95430198,7.1976579560000005,5.669066719,79.99488499,7173361,0.002475437444,cancer_mlo
374,0.001988618558,-14157.5167,699.535154,0.1228112405,-11.18203242,7.215283737000001,5.667965924,79.99720999,7173361,0.001988618558,cancer_mlo
375,0.001129146062,-19000.52392,484.1298433,0.08479719443,-10.5340918,7.149063882,5.527924627000001,79.98325997,7173361,0.001129146062,cancer_mlo
376,0.001320878056,-15360.99887,629.782823,0.10792805,-11.17075901,7.242747351,5.649464365,79.93567487,7173361,0.001320878056,cancer_mlo
377,0.001232853557,-15410.189219999998,620.4298106000001,0.1030644433,-11.03980499,7.245531972999999,5.663809087000001,79.94714489,7173361,0.001232853557,cancer_mlo
378,0.0022985330780000003,-13848.5482,724.7779134,0.128952181,-11.19431025,7.202499303,5.664128146,80.00930002,7173361,0.0022985330780000003,cancer_mlo
379,0.001245904815,-15232.55664,637.3042946,0.1059433508,-11.10672683,7.245830151,5.678775787,79.99317999,7173361,0.001245904815,cancer_mlo
380,0.0009319321563,-17308.59332,544.928759,0.08586236725,-10.87269373,7.210774367000001,5.63371445,79.93706987,7173361,0.0009319321563,cancer_mlo
381,0.0028616241810000003,-13290.58986,750.1354947000001,0.1384266377,-10.80010548,7.18129793,5.648251811000001,79.98015996,7173361,0.0028616241810000003,cancer_mlo
382,0.0012564660679999999,-15218.2175,625.4205597,0.09900483904999999,-10.84809813,7.241403012999999,5.685307551,79.97194494,7173361,0.0012564660679999999,cancer_mlo
383,0.001990198749,-13924.982719999998,711.7158335,0.122923744,-10.94574951,7.217180243,5.687132586000001,79.93799988,7173361,0.001990198749,cancer_mlo
384,0.0022058969330000003,-13855.037580000002,722.6305689,0.1274478746,-11.10307551,7.206990182,5.677727172000001,80.04588009,7173361,0.0022058969330000003,cancer_mlo
385,0.001223609736,-18789.50516,476.75692810000004,0.09639570573999999,-10.64201875,7.205166854,5.428858704,79.99519499,7173361,0.001223609736,cancer_mlo
386,0.0031365398570000003,-13090.559940000001,775.1310501,0.14256887669999999,-10.74716933,7.164802382,5.6514653589999995,80.03503007,7173361,0.0031365398570000003,cancer_mlo
387,0.002481949236,-13443.25199,755.1951387999999,0.1323670136,-10.70982587,7.186443112,5.683856473,79.95659991,7173361,0.002481949236,cancer_mlo
388,0.0012733680229999999,-16199.40596,575.0302875,0.08696624554,-10.60243069,7.208104871000001,5.664121491,80.00837002,7173361,0.0012733680229999999,cancer_mlo
389,0.002045405672,-14004.57887,678.6748824,0.1196479516,-10.86426385,7.213105996,5.631264607,79.94342489,7173361,0.002045405672,cancer_mlo
390,0.002366311688,-13721.918459999999,740.689395,0.12972501109999998,-10.58237346,7.174263486,5.688997832999999,79.88436977,7173361,0.002366311688,cancer_mlo
391,0.003357253025,-13027.43329,766.0044429999999,0.1448130998,-10.56676522,7.158270593999999,5.623566356,79.98713497,7173361,0.003357253025,cancer_mlo
392,0.001349583826,-15143.48426,639.7801215,0.1049127381,-10.83810247,7.237002611,5.698566987,79.99379999,7173361,0.001349583826,cancer_mlo
393,0.00319626497,-13075.33243,773.4253513,0.1423108664,-10.70761023,7.164018509,5.652843181000001,79.98155496,7173361,0.00319626497,cancer_mlo
394,0.007562847883999999,-14549.1775,695.0462062999999,0.2003211958,-10.42483437,6.97850801,5.471823388,79.96760494,7173361,0.007562847883999999,cancer_mlo
395,0.003739318332,-12795.313470000001,786.8740345,0.149298787,-10.58058403,7.140398102000001,5.622164248,79.95799492,7173361,0.003739318332,cancer_mlo
396,0.003459464387,-13054.54803,769.869196,0.1443916047,-10.87594946,7.154773266,5.629991411000001,80.03534007,7173361,0.003459464387,cancer_mlo
397,0.0019383390169999998,-14159.68819,692.5154985,0.1210277491,-10.88656691,7.2242055060000006,5.672655585,79.99333499,7173361,0.0019383390169999998,cancer_mlo
398,0.001259433242,-15371.53273,634.6930778,0.10250756359999999,-10.85022343,7.233453723999999,5.709274717,80.00573501,7173361,0.001259433242,cancer_mlo
399,0.004232552984,-12687.20844,789.966794,0.153464712,-10.68858226,7.1227514670000005,5.603016165,79.94714489,7173361,0.004232552984,cancer_mlo
400,0.003908349508,-12834.694440000001,781.3602694,0.1506569555,-10.71429029,7.136905467,5.612969285,79.95504991,7173361,0.003908349508,cancer_mlo
401,0.003828883455,-12815.570459999999,788.2443524,0.1502855031,-10.59936522,7.138058051000001,5.62527326,79.98434497,7173361,0.003828883455,cancer_mlo
402,0.002366965156,-13641.80942,737.1744043,0.1305490484,-10.73161999,7.1867502420000005,5.687028739,80.01612003,7173361,0.002366965156,cancer_mlo
403,0.002274178628,-14180.349409999999,703.4965342999999,0.1301132897,-11.31614812,7.20290416,5.631590846,79.97023994,7173361,0.002274178628,cancer_mlo
404,0.003295829263,-15108.27556,669.1990988,0.1459452007,-10.0096529,7.0058953960000006,5.577910319,79.84608469,7173361,0.003295829263,cancer_mlo
405,0.0023293866020000003,-21527.43428,425.3897454,0.09447731111999999,-9.882814205,6.9530004320000005,5.364407632,80.00341001,7173361,0.0023293866020000003,cancer_mlo
406,0.002359306166,-13573.271859999999,709.8321227999999,0.1267532659,-10.71830351,7.198685959,5.6389028329999995,79.97457995,7173361,0.002359306166,cancer_mlo
407,0.004276996514,-12650.67667,794.1118787,0.1543211966,-10.60996067,7.120223002,5.600083587,79.96977494,7173361,0.004276996514,cancer_mlo
408,0.0013809420869999999,-14833.86581,658.1332050999999,0.1091930426,-11.05445642,7.241843535,5.686157323,79.97550995,7173361,0.0013809420869999999,cancer_mlo
409,0.002525332448,-13442.21201,726.3533522999999,0.1310547786,-10.68120012,7.18990111,5.646310931,79.98604997,7173361,0.002525332448,cancer_mlo
410,0.0024409731280000003,-13503.315690000001,755.2501281000001,0.1326791264,-10.76579063,7.185700812,5.6852656679999996,79.92017484,7173361,0.0024409731280000003,cancer_mlo
411,0.0026604409250000002,-13402.26313,755.9342566,0.1367373592,-10.78151899,7.186247073,5.664469552999999,79.9494699,7173361,0.0026604409250000002,cancer_mlo
412,0.002418349926,-13582.00538,727.1444941000001,0.1309708859,-10.83069952,7.2011928670000005,5.6520171139999995,80.01534503,7173361,0.002418349926,cancer_mlo
413,0.00108406881,-18135.15197,521.8534821000001,0.07662365639999999,-10.55944793,7.148966402,5.627160032000001,80.00713001,7173361,0.00108406881,cancer_mlo
414,0.0043972722859999995,-12606.28044,797.9108673999999,0.1559984497,-10.50961269,7.116673452000001,5.594506312999999,80.01054002,7173361,0.0043972722859999995,cancer_mlo
415,0.003218880228,-13077.41232,773.0051963999999,0.1422359385,-10.81976102,7.164330791,5.646577466,79.96946494,7173361,0.003218880228,cancer_mlo
416,0.0029593706599999998,-13210.39683,751.6678859,0.13974526369999998,-10.55241675,7.171900641000001,5.6310789,80.04138508,7173361,0.0029593706599999998,cancer_mlo
417,0.001527720214,-14903.24363,683.5770239,0.1159989183,-10.94048289,7.199383613999999,5.724603277999999,79.85507471,7173361,0.001527720214,cancer_mlo
418,0.002706433983,-13378.72451,745.3967142999999,0.13607199779999998,-10.72096701,7.185861981,5.654105262000001,79.97984996,7173361,0.002706433983,cancer_mlo
419,0.002288102583,-13670.41347,700.0484927,0.12484329890000001,-10.66446581,7.198141944,5.634424912,79.95365491,7173361,0.002288102583,cancer_mlo
420,0.003960813636,-12686.9498,792.7849532,0.1512346499,-10.62486448,7.1301458470000005,5.615790127,79.98124496,7173361,0.003960813636,cancer_mlo
421,0.004054374778,-12757.06721,788.6299623,0.1521460883,-10.6377165,7.129574135,5.616869336000001,79.98759998,7173361,0.004054374778,cancer_mlo
422,0.00336898595,-13024.22372,766.6529172,0.144299301,-10.69116799,7.156923549,5.629714237000001,79.97938496,7173361,0.00336898595,cancer_mlo
423,0.0035794204310000003,-12939.37482,778.6884647,0.1470428611,-10.7175023,7.150754049,5.6301888920000005,80.00651001,7173361,0.0035794204310000003,cancer_mlo
424,0.002076015401,-14364.29483,703.4803105000001,0.12951562390000002,-11.33720658,7.212998135,5.639860075,79.96791494,7173361,0.002076015401,cancer_mlo
425,0.0017832774729999998,-14377.88384,657.2214367,0.1136329484,-10.94523925,7.222632138,5.629074458,79.99612499,7173361,0.0017832774729999998,cancer_mlo
426,0.003565167332,-12923.18385,779.1498642999999,0.1469473288,-10.65625531,7.148570092000001,5.63024024,80.02480005,7173361,0.003565167332,cancer_mlo
427,0.002536533504,-13579.10981,728.027378,0.1321219344,-10.91785565,7.197285746,5.651760049,79.96481493,7173361,0.002536533504,cancer_mlo
428,0.003893456456,-12803.62831,781.9746286000001,0.15051997220000002,-10.61961521,7.137122205,5.608701045,79.97798996,7173361,0.003893456456,cancer_mlo
429,0.001912717514,-14001.289180000002,696.3369403,0.12046847769999999,-10.75655731,7.220188166,5.669914542999999,79.97101494,7173361,0.001912717514,cancer_mlo
430,0.002353624336,-13684.491759999999,727.9576919,0.1297606499,-10.95994277,7.203342645,5.669453681,79.97302995,7173361,0.002353624336,cancer_mlo
431,0.0036570052889999998,-12985.43995,768.2562029000001,0.1464579406,-10.83710988,7.147224665,5.623324393,79.97225494,7173361,0.0036570052889999998,cancer_mlo
432,0.0034764397389999997,-12950.94267,765.6545861000001,0.1452945434,-10.612262800000002,7.153983826,5.613484232999999,79.97550995,7173361,0.0034764397389999997,cancer_mlo
433,0.003592904801,-12937.46335,775.6885276,0.1472218428,-10.71131031,7.150472832,5.6247330589999995,79.96729493,7173361,0.003592904801,cancer_mlo
434,0.001476109968,-17752.60007,527.9200486000001,0.1252770641,-10.88492448,7.226408305,5.352182488,80.0497551,7173361,0.001476109968,cancer_mlo
435,0.00252272996,-13524.446759999999,746.4941813999999,0.1334613272,-10.78006692,7.189339539,5.68022731,79.92544485,7173361,0.00252272996,cancer_mlo
436,0.003947087063,-12790.24648,784.0027611,0.1510625782,-10.66672246,7.13410108,5.609735202,80.01627503,7173361,0.003947087063,cancer_mlo
437,0.004207699908,-12671.9162,798.7411025,0.15356309740000001,-10.65904891,7.1224869,5.615292977999999,79.97705995,7173361,0.004207699908,cancer_mlo
438,0.0033733112190000004,-12959.06178,777.3679572000001,0.14496533820000002,-10.74369285,7.155829407000001,5.634242189,79.91412983,7173361,0.0033733112190000004,cancer_mlo
439,0.002019765474,-13913.23811,725.8467717999999,0.1245504959,-10.82535762,7.203668335,5.7113838889999995,79.88560977,7173361,0.002019765474,cancer_mlo
440,0.00255659066,-13506.13566,745.3457672999999,0.1335023816,-10.76825185,7.18346105,5.684552114,79.98201996,7173361,0.00255659066,cancer_mlo
441,0.003437973323,-13365.56186,729.7938942000001,0.141452498,-11.13760464,7.1497243589999995,5.597121382999999,80.01162502,7173361,0.003437973323,cancer_mlo
442,0.002002507812,-14000.87794,722.8932602000001,0.12541151949999998,-11.04942482,7.213294827,5.70370615,79.98310497,7173361,0.002002507812,cancer_mlo
443,0.001894528414,-14836.46479,681.4784016,0.1323840961,-11.30695615,7.216562099,5.603799755,79.95830492,7173361,0.001894528414,cancer_mlo
444,0.0015259792499999999,-14796.218169999998,688.4622755,0.11985414230000001,-11.13356309,7.224080197,5.704065611,79.94466489,7173361,0.0015259792499999999,cancer_mlo
445,0.002211431459,-13673.51885,740.1633082000001,0.1279870031,-10.94328952,7.204954418,5.7022218879999995,79.91102982,7173361,0.002211431459,cancer_mlo
446,0.00237022856,-13653.23679,740.5218284,0.13171842,-10.87907057,7.19479971,5.689274049,79.96310993,7173361,0.00237022856,cancer_mlo
447,0.002385502004,-13561.14547,746.7069872999999,0.1305261152,-10.85533881,7.196300971,5.693501916000001,80.01286503,7173361,0.002385502004,cancer_mlo
448,0.001790792779,-14262.95724,712.9968263,0.12131536789999998,-10.92971339,7.209538277999999,5.71347892,79.98201996,7173361,0.001790792779,cancer_mlo
449,0.003602992564,-13071.1381,770.0300692000001,0.144356036,-11.04482759,7.141969201,5.616465884,80.00186,7173361,0.003602992564,cancer_mlo
450,0.0033593360299999995,-13044.72706,772.9109807,0.1438571167,-10.83600379,7.1590076520000006,5.645263319,79.96899994,7173361,0.0033593360299999995,cancer_mlo
451,0.003131871015,-13302.44637,757.1575119,0.1400184421,-10.96011591,7.168459515,5.649043568,80.15856532,7173361,0.003131871015,cancer_mlo
452,0.00287755782,-13333.70627,756.0274936000001,0.1374709912,-10.95004729,7.178501054,5.661521252999999,79.99736499,7173361,0.00287755782,cancer_mlo
453,0.001745288541,-14575.558430000001,690.0546453,0.12234811109999999,-11.32807839,7.22349744,5.674263552,79.91211482,7173361,0.001745288541,cancer_mlo
454,0.003976190058,-12863.334840000001,785.2313274,0.15006474179999998,-10.81585525,7.133927838,5.622436311,80.00186,7173361,0.003976190058,cancer_mlo
455,0.003437517522,-13322.71871,757.7768244,0.1424682646,-11.16594875,7.1496083520000004,5.623117151000001,80.01751504,7173361,0.003437517522,cancer_mlo
456,0.002393021814,-14728.63494,682.8586723999999,0.1332700553,-10.37418042,7.095901407,5.6210414339999994,79.88266477,7173361,0.002393021814,cancer_mlo
457,0.0023121922459999997,-14037.30632,715.6155712,0.1274925202,-10.34992642,7.148240741,5.647732136,79.93613987,7173361,0.0023121922459999997,cancer_mlo
458,0.001773043203,-14260.48857,706.7702585,0.1192523773,-10.88876166,7.210390754,5.719263691,80.000775,7173361,0.001773043203,cancer_mlo
459,0.002912228031,-13776.905530000002,719.0940466,0.1366954538,-11.25010066,7.167885827999999,5.598179591,79.96946494,7173361,0.002912228031,cancer_mlo
460,0.003504315698,-13093.321320000001,759.1626637999999,0.1433138209,-10.99777556,7.149382611,5.635543756000001,79.95086490000001,7173361,0.003504315698,cancer_mlo
461,0.0034240015889999997,-13109.636,767.4686177,0.1430833572,-11.01047747,7.153427057999999,5.637962555,79.92513485,7173361,0.0034240015889999997,cancer_mlo
462,0.003892417791,-12845.852490000001,774.5971446000001,0.1488662179,-10.83027468,7.135146442999999,5.6232812999999995,80.01333003,7173361,0.003892417791,cancer_mlo
463,0.001760213621,-14531.74979,697.2424027000001,0.12304269109999999,-10.73596263,7.193067032,5.6952596589999995,79.9017298,7173361,0.001760213621,cancer_mlo
464,0.002562310239,-13525.937080000002,745.7797287999999,0.13450004699999998,-10.88089886,7.184636461,5.673338043999999,80.00279001,7173361,0.002562310239,cancer_mlo
465,0.002425672611,-13573.49642,744.4034937999999,0.13061585539999998,-10.96633253,7.195284513,5.694307107,80.02030504,7173361,0.002425672611,cancer_mlo
466,0.001989337915,-13892.954069999998,730.286022,0.12418539710000001,-10.98837245,7.212360819,5.712365276,79.94497489,7173361,0.001989337915,cancer_mlo
467,0.002245653962,-13733.60279,736.8723677999999,0.1300814098,-10.98185535,7.204626196,5.688490385,79.90374481,7173361,0.002245653962,cancer_mlo
468,0.003195967524,-13085.6212,769.4634082,0.1418343409,-10.812427099999999,7.164015581,5.646314718999999,79.95690991,7173361,0.003195967524,cancer_mlo
469,0.002091689299,-14011.77124,716.8383792000001,0.1263070323,-11.10724081,7.208144431,5.696825852999999,80.00294501,7173361,0.002091689299,cancer_mlo
470,0.0039041254009999997,-12893.757940000001,780.8609492,0.149289375,-10.8572721,7.135677995,5.624636817000001,80.00062,7173361,0.0039041254009999997,cancer_mlo
471,0.0029582975189999996,-13205.58144,761.2107975,0.1382647989,-10.86147158,7.1758448260000005,5.661081817,79.93381487,7173361,0.0029582975189999996,cancer_mlo
472,0.00337901784,-13018.02178,774.7109066,0.1447745754,-10.70026021,7.155258009,5.643545499,80.02573005,7173361,0.00337901784,cancer_mlo
473,0.003541827072,-13293.83527,760.6834719,0.1433553741,-11.16819636,7.143355633,5.612125343,79.99752,7173361,0.003541827072,cancer_mlo
474,0.0028673105910000003,-13375.83715,740.8702344,0.1374984198,-10.93295481,7.181723398,5.655198147999999,79.92869986,7173361,0.0028673105910000003,cancer_mlo
475,0.0029903900469999997,-13216.98496,765.7851786,0.1396684383,-10.77219719,7.172771367999999,5.663855651,79.95396491,7173361,0.0029903900469999997,cancer_mlo
476,0.002253531581,-14479.793730000001,694.1406479,0.13948575470000002,-11.20678064,7.196062942999999,5.624694149,80.03053506,7173361,0.002253531581,cancer_mlo
477,0.0015360790549999999,-14746.4458,687.9295622000001,0.11461622630000001,-10.94245445,7.211642599999999,5.726572381,79.90048979999999,7173361,0.0015360790549999999,cancer_mlo
478,0.001739178028,-14310.38785,709.1554467,0.1202726508,-10.99631039,7.215140875,5.716779298,79.93257487,7173361,0.001739178028,cancer_mlo
479,0.003980326399,-12788.48685,781.6373417000001,0.1501186845,-10.75335028,7.1321223389999995,5.614590485,79.99720999,7173361,0.003980326399,cancer_mlo
480,0.00214496585,-13994.879840000001,725.6246959,0.1298973356,-11.01815574,7.206230051,5.684537795,79.98976998,7173361,0.00214496585,cancer_mlo
481,0.0032061246590000003,-13110.297770000001,773.1337118,0.14166627769999998,-10.79096252,7.165897931,5.654883171,80.01131502,7173361,0.0032061246590000003,cancer_mlo
482,0.0021273141320000003,-13802.083330000001,733.4389269999999,0.126905735,-10.90996276,7.20542489,5.702613456,79.94125488,7173361,0.0021273141320000003,cancer_mlo
483,0.003209981243,-13367.151670000001,753.3383543,0.1403450406,-11.15671605,7.158194848,5.622278848,80.01131502,7173361,0.003209981243,cancer_mlo
484,0.0034802881089999998,-13008.83798,777.1956167000001,0.1451467531,-10.86275083,7.1535903670000005,5.639632509,80.02077004,7173361,0.0034802881089999998,cancer_mlo
485,0.0025836779199999997,-13470.53554,729.1193657,0.1320597051,-10.87434043,7.188877191,5.6455240689999995,80.00093000000001,7173361,0.0025836779199999997,cancer_mlo
486,0.001715404625,-15559.828480000002,653.0852633,0.1382778491,-11.07327243,7.200436995,5.597111319,80.02309505,7173361,0.001715404625,cancer_mlo
487,0.0021099903709999998,-13912.318290000001,726.2813757,0.1252664625,-10.64754971,7.18895094,5.70049005,79.92125984,7173361,0.0021099903709999998,cancer_mlo
488,0.002530884963,-13748.18191,737.7702782,0.1352456849,-11.10518181,7.195745844,5.663113496,79.98294997,7173361,0.002530884963,cancer_mlo
489,0.003085675546,-13173.45858,763.8339952,0.1397223455,-10.92328024,7.168663445,5.650187371,79.98248496,7173361,0.003085675546,cancer_mlo
490,0.0023792739189999997,-13566.509390000001,746.5503066000001,0.1316308929,-10.81457229,7.194366776,5.68992635,79.96620993,7173361,0.0023792739189999997,cancer_mlo
491,0.001957678949,-13951.87418,725.2996037,0.12314091199999999,-10.98349565,7.211557536,5.716338341,79.97364995,7173361,0.001957678949,cancer_mlo
492,0.0023084814499999998,-13646.82,743.2364064,0.1298789066,-10.70023846,7.193489735,5.69184498,80.001395,7173361,0.0023084814499999998,cancer_mlo
493,0.001860804582,-14231.37375,711.3595587,0.12382723009999999,-10.89318658,7.201607955,5.711841838,79.86809474,7173361,0.001860804582,cancer_mlo
494,0.0019253357939999999,-13986.987309999999,725.8767642999999,0.1224085479,-10.92544369,7.211723407999999,5.721762071000001,79.96853494,7173361,0.0019253357939999999,cancer_mlo
495,0.017205578290000002,-18741.34696,538.6453382,0.22938077350000002,-10.040679699999998,6.751803616,5.2847112880000005,79.98434497,7173361,0.017205578290000002,cancer_mlo
496,0.0019922724300000002,-13991.099180000001,724.9325745,0.1249828336,-10.98102921,7.212445493,5.709210111,80.00310001,7173361,0.0019922724300000002,cancer_mlo
497,0.02062768239,-19613.54252,510.707145,0.2358830179,-9.727834276,6.597350279,5.237933526,79.96450493,7173361,0.02062768239,cancer_mlo
498,0.001883987928,-14044.24034,721.7996505,0.12224181519999999,-11.05564964,7.217264557000001,5.722640805,79.92265485,7173361,0.001883987928,cancer_mlo
499,0.006015024791,-16793.40925,599.1318427,0.17450513129999998,-10.32875408,6.97369495,5.508001354,79.97023994,7173361,0.006015024791,cancer_mlo
500,0.0017712375219999998,-14402.16837,707.5401224,0.123517918,-11.15323998,7.219482469,5.698933962000001,79.96481493,7173361,0.0017712375219999998,cancer_mlo
501,0.001550069619,-15315.51959,659.5452763999999,0.1269198347,-11.27998349,7.224086106000001,5.626259757000001,79.95210490000001,7173361,0.001550069619,cancer_mlo
502,0.002188023057,-14021.18963,719.2267935,0.1264884621,-11.30951187,7.204569632999999,5.675802116,80.02371505,7173361,0.002188023057,cancer_mlo
503,0.0027100902720000003,-13454.18754,752.0791625,0.1346582172,-11.04241178,7.1863022029999994,5.673478093,79.98868498,7173361,0.0027100902720000003,cancer_mlo
504,0.009515004214,-18224.52546,552.854388,0.1945095471,-10.277721099999999,6.884146704,5.414158323,79.98930498,7173361,0.009515004214,cancer_mlo
505,0.002696998322,-13307.00491,760.2544721,0.1351170085,-10.85479549,7.185642476,5.6718554260000005,80.01953004,7173361,0.002696998322,cancer_mlo
506,0.0017039005079999999,-14616.680519999998,692.7042642000001,0.1261705077,-11.08734535,7.21444565,5.692952227,79.93040486,7173361,0.0017039005079999999,cancer_mlo
507,0.0029537503639999996,-13234.74425,764.955633,0.139965778,-10.81046326,7.175079471,5.662589265,79.97612995,7173361,0.0029537503639999996,cancer_mlo
508,0.0017215879790000001,-14252.123969999999,709.7066529,0.1194217566,-11.09600718,7.223285796,5.72103511,80.02681505,7173361,0.0017215879790000001,cancer_mlo
509,0.003238034476,-13220.31565,763.5306544,0.1411047577,-11.02062895,7.162056387000001,5.6457960179999995,79.97953996,7173361,0.003238034476,cancer_mlo
510,0.002684405222,-13815.4056,730.4549461,0.13398549710000002,-11.30271048,7.181417157,5.631349472,79.93412487,7173361,0.002684405222,cancer_mlo
511,0.001784555744,-14295.687880000001,709.4008878,0.1213186784,-11.10303281,7.215430205,5.7196338429999996,79.9510199,7173361,0.001784555744,cancer_mlo
512,0.002311632101,-13717.50491,732.9862171,0.13023680099999999,-10.81886718,7.1905291,5.685918855,79.98108996,7173361,0.002311632101,cancer_mlo
513,0.002216228159,-13719.15541,737.8101429999999,0.1281945643,-10.81422054,7.199094156,5.699742216000001,79.95721991,7173361,0.002216228159,cancer_mlo
514,0.0031200387760000003,-13185.625970000001,765.5375133,0.13938144460000002,-10.95703125,7.167725861,5.656333161,80.01488003,7173361,0.0031200387760000003,cancer_mlo
515,0.002502265668,-13506.703000000001,748.3225123999999,0.13264223990000001,-10.92941361,7.192905667000001,5.6856187910000004,79.96078492,7173361,0.002502265668,cancer_mlo
516,0.0022084839550000003,-14060.478290000001,718.9966584,0.1273130797,-11.30441919,7.205224627000001,5.668317928,79.98883998,7173361,0.0022084839550000003,cancer_mlo
517,0.001789662939,-15327.796059999999,659.333266,0.1255985521,-10.61840796,7.147193052,5.663075895,79.999225,7173361,0.001789662939,cancer_mlo
518,0.001977675067,-14107.79806,717.7542571,0.1246845358,-11.18106443,7.216336535,5.694283352,80.02356005,7173361,0.001977675067,cancer_mlo
519,0.002326389291,-15360.7349,656.9551236000001,0.138888593,-10.53056359,7.099410128,5.621420417,79.91722983,7173361,0.002326389291,cancer_mlo
520,0.002569253207,-13645.586459999999,737.3240857999999,0.1333874028,-11.11256346,7.191842061,5.661638831,80.11082522,7173361,0.002569253207,cancer_mlo
521,0.002310974084,-13632.737,743.8139152000001,0.1297959773,-10.98744967,7.20190398,5.692780565,79.96713993,7173361,0.002310974084,cancer_mlo
522,0.003181025761,-13374.58079,753.7521573,0.1396104082,-11.17310715,7.156835066,5.621724485,79.98713497,7173361,0.003181025761,cancer_mlo
523,0.0018843724800000003,-14286.44586,702.9210209,0.12201326480000001,-11.16339271,7.2163086970000005,5.706242092999999,79.95442991,7173361,0.0018843724800000003,cancer_mlo
524,0.001671590853,-14375.675490000001,698.6859195000001,0.1186211642,-11.01076465,7.218285097000001,5.714051522999999,79.9486949,7173361,0.001671590853,cancer_mlo
525,0.003385267638,-13123.090320000001,765.9818669,0.14328719609999999,-10.91058102,7.157691269,5.634304553,80.01720503,7173361,0.003385267638,cancer_mlo
526,0.001875647451,-14208.35016,713.0232414,0.1215681589,-10.73160073,7.199141696,5.707422731,79.95799492,7173361,0.001875647451,cancer_mlo
527,0.0028487653039999997,-13364.8365,756.3598421,0.13648303539999998,-10.98709297,7.181922926,5.6704325529999995,79.98837498,7173361,0.0028487653039999997,cancer_mlo
528,0.003428069683,-13062.72057,769.8953486,0.1436893352,-10.89255848,7.154860514,5.637760847000001,80.07068014,7173361,0.003428069683,cancer_mlo
529,0.003898578006,-12913.886059999999,772.5449363,0.1484907105,-10.88794567,7.134721679,5.6116993310000005,79.99131998,7173361,0.003898578006,cancer_mlo
530,0.0020864251000000003,-13850.161030000001,729.9268333,0.12574601400000002,-10.95797854,7.208588032000001,5.710589487999999,79.96682993,7173361,0.0020864251000000003,cancer_mlo
531,0.002847460786,-13398.077229999999,753.7622472,0.1371588127,-10.94415946,7.181470331,5.672896742000001,79.98976998,7173361,0.002847460786,cancer_mlo
532,0.001882212984,-14157.49245,715.0286887999999,0.1203468843,-10.71130015,7.198925795,5.71403868,79.92513485,7173361,0.001882212984,cancer_mlo
533,0.002282811656,-13693.873119999998,739.4236364,0.1285860844,-10.88062571,7.196054129,5.699470142000001,79.97054994,7173361,0.002282811656,cancer_mlo
534,0.002590983561,-13524.982080000002,748.4357531,0.1326730016,-11.07298861,7.191458302999999,5.682189729,79.97225494,7173361,0.002590983561,cancer_mlo
535,0.0038404171370000004,-12890.88407,774.6217484,0.147202571,-10.9019485,7.134002721,5.618887969,80.01534503,7173361,0.0038404171370000004,cancer_mlo
536,0.003418490292,-13222.9445,754.5875046,0.1418332483,-11.09285132,7.149998175,5.626748232000001,80.02573005,7173361,0.003418490292,cancer_mlo
537,0.001842984777,-14157.467230000002,711.7057646000001,0.121415038,-11.12176496,7.2207666139999995,5.7099636,79.98852998,7173361,0.001842984777,cancer_mlo
538,0.002624248198,-13600.496159999999,745.0599022000001,0.13324144970000001,-11.15686544,7.188764225,5.67515129,80.00697501,7173361,0.002624248198,cancer_mlo
539,0.0018206962600000002,-14294.9488,709.4360312000001,0.1209149477,-10.82115729,7.20196079,5.709921018999999,80.00263501,7173361,0.0018206962600000002,cancer_mlo
540,0.001280742857,-15478.78307,650.9600917,0.1218474016,-11.28932385,7.233852992,5.653240397,79.98434497,7173361,0.001280742857,cancer_mlo
541,0.001910152219,-14176.602330000002,714.3810923999999,0.12291448869999999,-11.28505118,7.217510945,5.693860842,79.95535991,7173361,0.001910152219,cancer_mlo
542,0.002591317164,-13413.08636,756.844096,0.1336209764,-10.84892201,7.190885985,5.683949595,80.000465,7173361,0.002591317164,cancer_mlo
543,0.0019129079730000002,-14011.781030000002,722.5353275,0.1233773206,-11.05623116,7.216433171,5.711295672,79.96543493,7173361,0.0019129079730000002,cancer_mlo
544,0.0037751216859999996,-15509.333169999998,645.7402599,0.1656605139,-10.39506175,7.0449630999999995,5.527080969,79.98325997,7173361,0.0037751216859999996,cancer_mlo
545,0.001623416751,-14446.63118,702.8600022,0.11452053599999999,-10.9091606,7.211218392999999,5.734618407,79.95256991,7173361,0.001623416751,cancer_mlo
546,0.0017411371399999997,-14975.542959999999,676.5176640999999,0.134356287,-11.14578725,7.211260394,5.643044927,79.91614483,7173361,0.0017411371399999997,cancer_mlo
547,0.003054080427,-13238.506609999999,764.914897,0.13982517390000002,-10.94780439,7.172022175,5.660085179,79.98976998,7173361,0.003054080427,cancer_mlo
548,0.003779450213,-12908.33668,783.6094327999999,0.148330928,-10.8028152,7.142160246,5.629255551,80.04758509999999,7173361,0.003779450213,cancer_mlo
549,0.00332456119,-13192.08042,761.5072600999999,0.1419446382,-11.02207393,7.15698822,5.637667517000001,80.01333003,7173361,0.00332456119,cancer_mlo
550,0.001474683253,-15902.56895,629.8850636,0.1152104674,-10.84086703,7.161073769,5.692417623,79.84437969,7173361,0.001474683253,cancer_mlo
551,0.002337994584,-13681.9494,737.7191056,0.1303782593,-11.00263012,7.201026885,5.691142135,79.94001488,7173361,0.002337994584,cancer_mlo
552,0.0018346477840000001,-14284.049359999999,711.0876294,0.123695687,-11.22653437,7.22391988,5.694385417,79.98651497,7173361,0.0018346477840000001,cancer_mlo
553,0.0026355806559999998,-13566.520880000002,745.9461031000001,0.134100512,-11.04787449,7.190133136,5.68000813,80.00713001,7173361,0.0026355806559999998,cancer_mlo
554,0.0038480090529999997,-12841.96902,785.6294374,0.14936840199999998,-10.79480056,7.1393547239999995,5.6250221389999995,79.98372497,7173361,0.0038480090529999997,cancer_mlo
555,0.002525301381,-13462.98491,753.1907729,0.1331896517,-10.66663037,7.183899332999999,5.685923172000001,80.04107508,7173361,0.002525301381,cancer_mlo
556,0.00968574395,-17010.678359999998,580.0292845,0.1950067264,-9.737639302,6.759261175,5.367731723,79.92838986,7173361,0.00968574395,cancer_mlo
557,0.002917613617,-13345.29437,755.7943762,0.1363465298,-11.07910538,7.173949979,5.664542791000001,79.99938,7173361,0.002917613617,cancer_mlo
558,0.001831655533,-16318.459380000002,611.3020695,0.1404437184,-11.21296074,7.200664754,5.471834401000001,80.00883502,7173361,0.001831655533,cancer_mlo
559,0.0030153364909999997,-13172.049509999999,766.8991401000001,0.1408682648,-10.68078982,7.167181791,5.657026336,80.0,7173361,0.0030153364909999997,cancer_mlo
560,0.00260499288,-13608.35587,739.6358607000001,0.1326119809,-11.14484884,7.188964599999999,5.666590341,80.02712505,7173361,0.00260499288,cancer_mlo
